autoscan: warning: missing AC_CHECK_FUNCS([clock_gettime]) wanted by: 
	lib/glfw/examples/particles.c:461
	lib/glfw/examples/particles.c:914
	lib/glfw/tests/empty.c:87
	lib/glfw/src/posix_time.c:47
	lib/glfw/src/posix_time.c:55
	lib/glfw/deps/tinycthread.c:298
	lib/glfw/deps/tinycthread.c:475
autoscan: warning: missing AC_CHECK_FUNCS([floor]) wanted by: 
	src/engine/widget/nuklear.h:12164
	src/game/softbody/sbm.h:44
	lib/glfw/examples/particles.c:332
	lib/glfw/tests/cursor.c:437
	lib/glfw/tests/cursor.c:439
	lib/glfw/tests/cursor.c:440
	lib/glfw/tests/cursor.c:442
autoscan: warning: missing AC_CHECK_FUNCS([ftruncate]) wanted by: 
	lib/glfw/src/wl_window.c:141
autoscan: warning: missing AC_CHECK_FUNCS([gettimeofday]) wanted by: 
	lib/glfw/deps/tinycthread.c:587
autoscan: warning: missing AC_CHECK_FUNCS([memmove]) wanted by: 
	lib/glfw/src/monitor.c:110
	lib/glfw/src/monitor.c:140
	lib/fast_obj/fast_obj.h:1578
	lib/VulkanMemoryAllocator/include/vk_mem_alloc.h:4874
	lib/VulkanMemoryAllocator/include/vk_mem_alloc.h:4886
	lib/VulkanMemoryAllocator/include/vk_mem_alloc.h:5046
	lib/VulkanMemoryAllocator/include/vk_mem_alloc.h:5060
	lib/VulkanMemoryAllocator/build/install/include/vk_mem_alloc.h:4874
	lib/VulkanMemoryAllocator/build/install/include/vk_mem_alloc.h:4886
	lib/VulkanMemoryAllocator/build/install/include/vk_mem_alloc.h:5046
	lib/VulkanMemoryAllocator/build/install/include/vk_mem_alloc.h:5060
autoscan: warning: missing AC_CHECK_FUNCS([munmap]) wanted by: 
	lib/glfw/src/wl_window.c:198
	lib/glfw/src/wl_window.c:1853
autoscan: warning: missing AC_CHECK_FUNCS([pow]) wanted by: 
	lib/fast_obj/test/tiny_obj_loader.h:884
	lib/fast_obj/test/tiny_obj_loader.h:925
	lib/stb/stb_image.h:1869
	lib/stb/stb_image.h:1895
autoscan: warning: missing AC_CHECK_FUNCS([regcomp]) wanted by: 
	lib/glfw/src/linux_joystick.c:328
autoscan: warning: missing AC_CHECK_FUNCS([setlocale]) wanted by: 
	lib/glfw/src/x11_init.c:1256
	lib/glfw/src/x11_init.c:1257
autoscan: warning: missing AC_CHECK_FUNCS([sqrt]) wanted by: 
	src/game/softbody/sbm.c:20
	lib/glfw/examples/splitview.c:93
	lib/glfw/examples/wave.c:130
	lib/glfw/examples/gears.c:133
	lib/glfw/examples/heightmap.c:324
	lib/glfw/tests/cursor.c:88
	lib/glfw/tests/timeout.c:101
	lib/VulkanMemoryAllocator/src/Common.h:139
	lib/stb/stb_image.h:2504
autoscan: warning: missing AC_CHECK_FUNCS([strcasecmp]) wanted by: 
	lib/glfw/tests/glfwinfo.c:437
	lib/glfw/tests/glfwinfo.c:439
	lib/glfw/tests/glfwinfo.c:441
	lib/glfw/tests/glfwinfo.c:443
	lib/glfw/tests/glfwinfo.c:445
	lib/glfw/tests/glfwinfo.c:447
	lib/glfw/tests/glfwinfo.c:457
	lib/glfw/tests/glfwinfo.c:459
	lib/glfw/tests/glfwinfo.c:469
	lib/glfw/tests/glfwinfo.c:471
	lib/glfw/tests/glfwinfo.c:481
	lib/glfw/tests/glfwinfo.c:483
	lib/glfw/tests/glfwinfo.c:485
	lib/glfw/tests/glfwinfo.c:522
	lib/glfw/tests/glfwinfo.c:524
	lib/glfw/tests/glfwinfo.c:534
	lib/glfw/tests/glfwinfo.c:536
autoscan: warning: missing AC_CHECK_FUNCS([strchr]) wanted by: 
	lib/glfw/deps/getopt.c:98
	lib/glfw/deps/getopt.c:202
	lib/glfw/deps/getopt.c:216
	lib/fast_obj/test/tiny_obj_loader.h:1993
	lib/fast_obj/test/tiny_obj_loader.h:1995
autoscan: warning: missing AC_CHECK_FUNCS([strcspn]) wanted by: 
	lib/glfw/src/input.c:159
	lib/glfw/src/input.c:169
	lib/glfw/src/input.c:251
	lib/glfw/src/input.c:1285
	lib/glfw/src/input.c:1313
	lib/glfw/deps/getopt.c:178
	lib/fast_obj/test/tiny_obj_loader.h:764
	lib/fast_obj/test/tiny_obj_loader.h:773
	lib/fast_obj/test/tiny_obj_loader.h:934
	lib/fast_obj/test/tiny_obj_loader.h:944
	lib/fast_obj/test/tiny_obj_loader.h:1005
	lib/fast_obj/test/tiny_obj_loader.h:1021
	lib/fast_obj/test/tiny_obj_loader.h:1049
	lib/fast_obj/test/tiny_obj_loader.h:1058
	lib/fast_obj/test/tiny_obj_loader.h:1082
	lib/fast_obj/test/tiny_obj_loader.h:1095
	lib/fast_obj/test/tiny_obj_loader.h:1105
	lib/fast_obj/test/tiny_obj_loader.h:1116
	lib/fast_obj/test/tiny_obj_loader.h:1128
	lib/fast_obj/test/tiny_obj_loader.h:1138
	lib/fast_obj/test/tiny_obj_loader.h:1144
	lib/fast_obj/test/tiny_obj_loader.h:1152
	lib/fast_obj/test/tiny_obj_loader.h:1199
	lib/fast_obj/test/tiny_obj_loader.h:1214
	lib/fast_obj/test/tiny_obj_loader.h:2852
	lib/fast_obj/test/tiny_obj_loader.h:2858
autoscan: warning: missing AC_CHECK_FUNCS([strerror]) wanted by: 
	lib/glfw/src/wl_window.c:164
	lib/glfw/src/wl_window.c:172
	lib/glfw/src/wl_window.c:1488
	lib/glfw/src/wl_window.c:1529
	lib/glfw/src/wl_window.c:3420
	lib/glfw/src/linux_joystick.c:155
	lib/glfw/src/wl_init.c:857
	lib/glfw/src/x11_init.c:1057
	lib/glfw/src/x11_init.c:1072
autoscan: warning: missing AC_CHECK_FUNCS([strrchr]) wanted by: 
	lib/fast_obj/fast_obj.h:1518
	lib/fast_obj/fast_obj.h:1519
autoscan: warning: missing AC_CHECK_FUNCS([strspn]) wanted by: 
	lib/glfw/src/input.c:252
	lib/glfw/src/input.c:1314
	lib/fast_obj/test/tiny_obj_loader.h:763
	lib/fast_obj/test/tiny_obj_loader.h:771
	lib/fast_obj/test/tiny_obj_loader.h:933
	lib/fast_obj/test/tiny_obj_loader.h:943
	lib/fast_obj/test/tiny_obj_loader.h:1004
	lib/fast_obj/test/tiny_obj_loader.h:1020
	lib/fast_obj/test/tiny_obj_loader.h:1047
	lib/fast_obj/test/tiny_obj_loader.h:1056
	lib/fast_obj/test/tiny_obj_loader.h:1165
	lib/fast_obj/test/tiny_obj_loader.h:1198
	lib/fast_obj/test/tiny_obj_loader.h:1218
	lib/fast_obj/test/tiny_obj_loader.h:1681
	lib/fast_obj/test/tiny_obj_loader.h:2153
	lib/fast_obj/test/tiny_obj_loader.h:2225
	lib/fast_obj/test/tiny_obj_loader.h:2257
	lib/fast_obj/test/tiny_obj_loader.h:2269
	lib/fast_obj/test/tiny_obj_loader.h:2297
	lib/fast_obj/test/tiny_obj_loader.h:2406
	lib/fast_obj/test/tiny_obj_loader.h:2516
	lib/fast_obj/test/tiny_obj_loader.h:2642
	lib/fast_obj/test/tiny_obj_loader.h:2686
	lib/fast_obj/test/tiny_obj_loader.h:2698
	lib/fast_obj/test/tiny_obj_loader.h:2796
autoscan: warning: missing AC_CHECK_FUNCS([strstr]) wanted by: 
	src/engine/log/log.c:29
	lib/glfw/src/win32_joystick.c:244
	lib/glfw/src/context.c:599
	lib/glfw/deps/glad/gl.h:5868
	lib/glfw/deps/glad/gles2.h:1704
autoscan: warning: missing AC_CHECK_FUNCS([strtol]) wanted by: 
	lib/glfw/src/wl_init.c:396
	lib/glfw/src/init.c:217
	lib/stb/stb_image.h:7191
	lib/stb/stb_image.h:7195
	lib/stb/stb_image.h:7321
	lib/stb/stb_image.h:7328
autoscan: warning: missing AC_CHECK_FUNCS([strtoul]) wanted by: 
	lib/glfw/tests/events.c:574
	lib/glfw/src/input.c:221
	lib/glfw/src/input.c:222
	lib/glfw/src/input.c:226
autoscan: warning: missing AC_CHECK_HEADERS([fcntl.h]) wanted by: 
	lib/glfw/src/wl_window.c:41
	lib/glfw/src/linux_joystick.c:36
	lib/glfw/src/x11_init.c:38
autoscan: warning: missing AC_CHECK_HEADERS([mach/mach.h]) wanted by: 
	lib/glfw/src/cocoa_joystick.m:36
autoscan: warning: missing AC_CHECK_HEADERS([sys/ioctl.h]) wanted by: 
	lib/glfw/src/linux_joystick.c:35
autoscan: warning: missing AC_CHECK_HEADERS([sys/param.h]) wanted by: 
	lib/glfw/src/cocoa_init.m:31
autoscan: warning: missing AC_CHECK_HEADERS([sys/time.h]) wanted by: 
	lib/glfw/src/posix_time.c:33
	lib/glfw/deps/tinycthread.c:38
	lib/glfw/deps/tinycthread.h:81
autoscan: warning: missing AC_CHECK_HEADERS([sys/timeb.h]) wanted by: 
	lib/glfw/deps/tinycthread.c:42
autoscan: warning: missing AC_CHECK_HEADER_STDBOOL wanted by: 
	src/engine/data_structs.c:127
	src/engine/data_structs.c:135
	src/engine/data_structs.c:163
	src/engine/data_structs.c:166
	src/engine/data_structs.c:223
	src/engine/widget/widget_renderer.h:64
	src/engine/widget/widget_renderer.h:73
	src/engine/widget/widget_renderer.h:80
	src/engine/widget/widget_renderer_helper.h:158
	src/engine/widget/widget_renderer_helper.h:267
	src/engine/widget/widget_renderer.c:516
	src/engine/widget/widget_renderer.c:591
	src/engine/widget/widget_renderer.c:647
	src/engine/widget/widget_renderer.c:1089
	src/engine/win/win.h:10
	src/engine/win/win.c:39
	src/engine/gfx/gfx.c:496
	src/engine/gfx/vk_device.c:16
	src/engine/gfx/vk_device.c:39
	src/engine/gfx/vk_device.c:184
	src/engine/gfx/vk_instance.c:13
	src/engine/gfx/vk_instance.c:56
	src/engine/gfx/vk_util.c:252
	src/engine/gfx/vk_instance.h:8
	src/engine/gfx/vk_instance.h:12
	src/engine/gfx/gfx.h:15
	src/engine/gfx/gfx_types.h:43
	src/engine/gfx/gfx_types.h:51
	src/engine/gfx/gfx_types.h:79
	src/engine/gfx/gfx_types.h:82
	src/engine/gfx/gfx_types.h:139
	src/engine/gfx/vk_util.h:54
	src/engine/mem/mem.c:181
	src/engine/text/text_block.c:211
	src/engine/text/text_block.c:212
	src/engine/text/text_engine.h:21
	src/engine/text/text_engine.h:22
	src/engine/text/text_renderer.h:8
	src/engine/text/text_geometry.h:48
	src/engine/text/text_engine.c:212
	src/engine/text/text_block.h:14
	src/engine/text/text_block.h:15
	src/engine/text/text_block.h:19
	src/engine/text/text_block.h:26
	src/engine/text/text_block.h:37
	src/game/input.c:12
	src/game/input.c:56
	src/game/term.c:121
	src/game/main.c:132
	src/game/term.h:12
	src/game/input.h:10
	src/game/voxel/voxel_renderer.c:84
	src/game/voxel/voxel_renderer.c:86
	src/game/voxel/voxel_renderer.c:97
	src/game/voxel/voxel_renderer.c:98
	src/game/voxel/voxel_renderer.c:99
	src/game/softbody/softbody.c:488
	src/game/softbody/softbody.c:491
	src/game/softbody/softbody.c:492
	src/game/softbody/softbody.c:494
	src/game/softbody/softbody.c:559
	lib/glfw/tests/triangle-vulkan.c:155
	lib/glfw/tests/triangle-vulkan.c:220
	lib/glfw/tests/triangle-vulkan.c:221
	lib/glfw/tests/triangle-vulkan.c:268
	lib/glfw/tests/triangle-vulkan.c:770
	lib/glfw/tests/triangle-vulkan.c:816
	lib/glfw/tests/triangle-vulkan.c:1053
	lib/glfw/tests/window.c:87
	lib/glfw/tests/window.c:274
	lib/glfw/tests/window.c:308
	lib/glfw/tests/glfwinfo.c:300
	lib/glfw/tests/glfwinfo.c:354
	lib/glfw/tests/glfwinfo.c:364
	lib/glfw/tests/glfwinfo.c:365
	lib/glfw/tests/glfwinfo.c:366
	lib/glfw/tests/glfwinfo.c:380
	lib/glfw/tests/glfwinfo.c:381
	lib/glfw/tests/glfwinfo.c:382
	lib/glfw/tests/glfwinfo.c:384
	lib/glfw/tests/glfwinfo.c:385
	lib/glfw/tests/glfwinfo.c:956
	lib/glfw/tests/glfwinfo.c:1038
	lib/glfw/tests/timeout.c:41
	lib/glfw/tests/empty.c:48
	lib/glfw/tests/empty.c:49
	lib/glfw/src/win32_platform.h:339
	lib/glfw/src/win32_platform.h:340
	lib/glfw/src/win32_platform.h:341
	lib/glfw/src/win32_platform.h:342
	lib/glfw/src/win32_platform.h:343
	lib/glfw/src/win32_platform.h:344
	lib/glfw/src/win32_platform.h:345
	lib/glfw/src/win32_platform.h:346
	lib/glfw/src/win32_platform.h:347
	lib/glfw/src/win32_platform.h:348
	lib/glfw/src/win32_platform.h:349
	lib/glfw/src/win32_platform.h:350
	lib/glfw/src/wl_platform.h:313
	lib/glfw/src/internal.h:378
	lib/glfw/src/internal.h:383
	lib/glfw/src/internal.h:384
	lib/glfw/src/internal.h:387
	lib/glfw/src/internal.h:406
	lib/glfw/src/internal.h:407
	lib/glfw/src/internal.h:408
	lib/glfw/src/internal.h:409
	lib/glfw/src/internal.h:410
	lib/glfw/src/internal.h:411
	lib/glfw/src/internal.h:412
	lib/glfw/src/internal.h:413
	lib/glfw/src/internal.h:414
	lib/glfw/src/internal.h:415
	lib/glfw/src/internal.h:416
	lib/glfw/src/internal.h:417
	lib/glfw/src/internal.h:426
	lib/glfw/src/internal.h:427
	lib/glfw/src/internal.h:446
	lib/glfw/src/internal.h:447
	lib/glfw/src/internal.h:448
	lib/glfw/src/internal.h:454
	lib/glfw/src/internal.h:479
	lib/glfw/src/internal.h:481
	lib/glfw/src/internal.h:482
	lib/glfw/src/internal.h:483
	lib/glfw/src/internal.h:810
	lib/glfw/src/internal.h:811
	lib/glfw/src/internal.h:812
	lib/glfw/src/internal.h:813
	lib/glfw/src/internal.h:814
	lib/glfw/src/internal.h:815
	lib/glfw/src/internal.h:816
	lib/glfw/src/internal.h:817
	lib/glfw/src/internal.h:818
	lib/glfw/src/internal.h:819
	lib/glfw/src/internal.h:820
	lib/glfw/src/internal.h:821
	lib/glfw/src/internal.h:822
	lib/glfw/src/internal.h:823
	lib/glfw/src/internal.h:824
	lib/glfw/src/internal.h:825
	lib/glfw/src/internal.h:869
	lib/glfw/src/internal.h:870
	lib/glfw/src/internal.h:871
	lib/glfw/src/internal.h:872
	lib/glfw/src/internal.h:873
	lib/glfw/src/internal.h:874
	lib/glfw/src/internal.h:875
	lib/glfw/src/internal.h:876
	lib/glfw/src/x11_platform.h:506
	lib/glfw/src/x11_platform.h:507
	lib/glfw/src/x11_platform.h:508
	lib/glfw/src/x11_platform.h:509
	lib/glfw/src/x11_platform.h:510
	lib/glfw/src/x11_platform.h:511
	lib/glfw/src/x11_platform.h:512
	lib/glfw/src/x11_platform.h:513
	lib/glfw/src/x11_platform.h:514
	lib/glfw/src/x11_platform.h:515
	lib/glfw/src/x11_platform.h:516
	lib/glfw/src/x11_platform.h:517
	lib/fast_obj/test/tiny_obj_loader.h:158
	lib/fast_obj/test/tiny_obj_loader.h:160
	lib/fast_obj/test/tiny_obj_loader.h:161
	lib/fast_obj/test/tiny_obj_loader.h:427
	lib/fast_obj/test/tiny_obj_loader.h:441
	lib/fast_obj/test/tiny_obj_loader.h:458
	lib/fast_obj/test/tiny_obj_loader.h:469
	lib/fast_obj/test/tiny_obj_loader.h:475
	lib/fast_obj/test/tiny_obj_loader.h:501
	lib/fast_obj/test/tiny_obj_loader.h:513
	lib/fast_obj/test/tiny_obj_loader.h:519
	lib/fast_obj/test/tiny_obj_loader.h:538
	lib/fast_obj/test/tiny_obj_loader.h:562
	lib/fast_obj/test/tiny_obj_loader.h:565
	lib/fast_obj/test/tiny_obj_loader.h:566
	lib/fast_obj/test/tiny_obj_loader.h:574
	lib/fast_obj/test/tiny_obj_loader.h:583
	lib/fast_obj/test/tiny_obj_loader.h:586
	lib/fast_obj/test/tiny_obj_loader.h:587
	lib/fast_obj/test/tiny_obj_loader.h:602
	lib/fast_obj/test/tiny_obj_loader.h:689
	lib/fast_obj/test/tiny_obj_loader.h:738
	lib/fast_obj/test/tiny_obj_loader.h:804
	lib/fast_obj/test/tiny_obj_loader.h:828
	lib/fast_obj/test/tiny_obj_loader.h:829
	lib/fast_obj/test/tiny_obj_loader.h:942
	lib/fast_obj/test/tiny_obj_loader.h:946
	lib/fast_obj/test/tiny_obj_loader.h:983
	lib/fast_obj/test/tiny_obj_loader.h:993
	lib/fast_obj/test/tiny_obj_loader.h:1003
	lib/fast_obj/test/tiny_obj_loader.h:1003
	lib/fast_obj/test/tiny_obj_loader.h:1007
	lib/fast_obj/test/tiny_obj_loader.h:1070
	lib/fast_obj/test/tiny_obj_loader.h:1156
	lib/fast_obj/test/tiny_obj_loader.h:1159
	lib/fast_obj/test/tiny_obj_loader.h:1238
	lib/fast_obj/test/tiny_obj_loader.h:1330
	lib/fast_obj/test/tiny_obj_loader.h:1333
	lib/fast_obj/test/tiny_obj_loader.h:1478
	lib/fast_obj/test/tiny_obj_loader.h:1648
	lib/fast_obj/test/tiny_obj_loader.h:1649
	lib/fast_obj/test/tiny_obj_loader.h:2015
	lib/fast_obj/test/tiny_obj_loader.h:2042
	lib/fast_obj/test/tiny_obj_loader.h:2062
	lib/fast_obj/test/tiny_obj_loader.h:2065
	lib/fast_obj/test/tiny_obj_loader.h:2065
	lib/fast_obj/test/tiny_obj_loader.h:2098
	lib/fast_obj/test/tiny_obj_loader.h:2101
	lib/fast_obj/test/tiny_obj_loader.h:2102
	lib/fast_obj/test/tiny_obj_loader.h:2127
	lib/fast_obj/test/tiny_obj_loader.h:2352
	lib/fast_obj/test/tiny_obj_loader.h:2356
	lib/fast_obj/test/tiny_obj_loader.h:2388
	lib/fast_obj/test/tiny_obj_loader.h:2440
	lib/fast_obj/test/tiny_obj_loader.h:2578
	lib/fast_obj/test/tiny_obj_loader.h:2604
	lib/fast_obj/test/tiny_obj_loader.h:2750
	lib/fast_obj/test/tiny_obj_loader.h:2754
	lib/fast_obj/test/tiny_obj_loader.h:2883
	lib/fast_obj/test/tiny_obj_loader.h:2904
	lib/fast_obj/test/test.cpp:48
	lib/fast_obj/test/test.cpp:57
	lib/fast_obj/test/test.cpp:157
	lib/VulkanMemoryAllocator/include/vk_mem_alloc.h:3386
	lib/VulkanMemoryAllocator/include/vk_mem_alloc.h:3403
	lib/VulkanMemoryAllocator/include/vk_mem_alloc.h:3406
	lib/VulkanMemoryAllocator/include/vk_mem_alloc.h:3420
	lib/VulkanMemoryAllocator/include/vk_mem_alloc.h:3423
	lib/VulkanMemoryAllocator/include/vk_mem_alloc.h:3435
	lib/VulkanMemoryAllocator/include/vk_mem_alloc.h:3438
	lib/VulkanMemoryAllocator/include/vk_mem_alloc.h:3750
	lib/VulkanMemoryAllocator/include/vk_mem_alloc.h:3753
	lib/VulkanMemoryAllocator/include/vk_mem_alloc.h:3754
	lib/VulkanMemoryAllocator/include/vk_mem_alloc.h:3756
	lib/VulkanMemoryAllocator/include/vk_mem_alloc.h:3757
	lib/VulkanMemoryAllocator/include/vk_mem_alloc.h:3767
	lib/VulkanMemoryAllocator/include/vk_mem_alloc.h:3937
	lib/VulkanMemoryAllocator/include/vk_mem_alloc.h:4024
	lib/VulkanMemoryAllocator/include/vk_mem_alloc.h:4036
	lib/VulkanMemoryAllocator/include/vk_mem_alloc.h:4056
	lib/VulkanMemoryAllocator/include/vk_mem_alloc.h:4105
	lib/VulkanMemoryAllocator/include/vk_mem_alloc.h:4182
	lib/VulkanMemoryAllocator/include/vk_mem_alloc.h:4211
	lib/VulkanMemoryAllocator/include/vk_mem_alloc.h:4212
	lib/VulkanMemoryAllocator/include/vk_mem_alloc.h:4264
	lib/VulkanMemoryAllocator/include/vk_mem_alloc.h:4265
	lib/VulkanMemoryAllocator/include/vk_mem_alloc.h:4266
	lib/VulkanMemoryAllocator/include/vk_mem_alloc.h:4267
	lib/VulkanMemoryAllocator/include/vk_mem_alloc.h:4268
	lib/VulkanMemoryAllocator/include/vk_mem_alloc.h:4269
	lib/VulkanMemoryAllocator/include/vk_mem_alloc.h:4488
	lib/VulkanMemoryAllocator/include/vk_mem_alloc.h:4575
	lib/VulkanMemoryAllocator/include/vk_mem_alloc.h:4591
	lib/VulkanMemoryAllocator/include/vk_mem_alloc.h:4607
	lib/VulkanMemoryAllocator/include/vk_mem_alloc.h:4670
	lib/VulkanMemoryAllocator/include/vk_mem_alloc.h:4675
	lib/VulkanMemoryAllocator/include/vk_mem_alloc.h:4709
	lib/VulkanMemoryAllocator/include/vk_mem_alloc.h:4730
	lib/VulkanMemoryAllocator/include/vk_mem_alloc.h:4801
	lib/VulkanMemoryAllocator/include/vk_mem_alloc.h:4934
	lib/VulkanMemoryAllocator/include/vk_mem_alloc.h:4951
	lib/VulkanMemoryAllocator/include/vk_mem_alloc.h:4952
	lib/VulkanMemoryAllocator/include/vk_mem_alloc.h:4985
	lib/VulkanMemoryAllocator/include/vk_mem_alloc.h:5026
	lib/VulkanMemoryAllocator/include/vk_mem_alloc.h:5219
	lib/VulkanMemoryAllocator/include/vk_mem_alloc.h:5487
	lib/VulkanMemoryAllocator/include/vk_mem_alloc.h:5488
	lib/VulkanMemoryAllocator/include/vk_mem_alloc.h:5513
	lib/VulkanMemoryAllocator/include/vk_mem_alloc.h:5514
	lib/VulkanMemoryAllocator/include/vk_mem_alloc.h:5541
	lib/VulkanMemoryAllocator/include/vk_mem_alloc.h:5542
	lib/VulkanMemoryAllocator/include/vk_mem_alloc.h:5569
	lib/VulkanMemoryAllocator/include/vk_mem_alloc.h:5570
	lib/VulkanMemoryAllocator/include/vk_mem_alloc.h:5587
	lib/VulkanMemoryAllocator/include/vk_mem_alloc.h:5710
	lib/VulkanMemoryAllocator/include/vk_mem_alloc.h:6015
	lib/VulkanMemoryAllocator/include/vk_mem_alloc.h:6021
	lib/VulkanMemoryAllocator/include/vk_mem_alloc.h:6049
	lib/VulkanMemoryAllocator/include/vk_mem_alloc.h:6063
	lib/VulkanMemoryAllocator/include/vk_mem_alloc.h:6070
	lib/VulkanMemoryAllocator/include/vk_mem_alloc.h:6072
	lib/VulkanMemoryAllocator/include/vk_mem_alloc.h:6073
	lib/VulkanMemoryAllocator/include/vk_mem_alloc.h:6089
	lib/VulkanMemoryAllocator/include/vk_mem_alloc.h:6114
	lib/VulkanMemoryAllocator/include/vk_mem_alloc.h:6244
	lib/VulkanMemoryAllocator/include/vk_mem_alloc.h:6258
	lib/VulkanMemoryAllocator/include/vk_mem_alloc.h:6287
	lib/VulkanMemoryAllocator/include/vk_mem_alloc.h:6357
	lib/VulkanMemoryAllocator/include/vk_mem_alloc.h:6401
	lib/VulkanMemoryAllocator/include/vk_mem_alloc.h:6460
	lib/VulkanMemoryAllocator/include/vk_mem_alloc.h:6514
	lib/VulkanMemoryAllocator/include/vk_mem_alloc.h:6522
	lib/VulkanMemoryAllocator/include/vk_mem_alloc.h:6530
	lib/VulkanMemoryAllocator/include/vk_mem_alloc.h:6571
	lib/VulkanMemoryAllocator/include/vk_mem_alloc.h:6580
	lib/VulkanMemoryAllocator/include/vk_mem_alloc.h:6662
	lib/VulkanMemoryAllocator/include/vk_mem_alloc.h:6672
	lib/VulkanMemoryAllocator/include/vk_mem_alloc.h:6693
	lib/VulkanMemoryAllocator/include/vk_mem_alloc.h:6694
	lib/VulkanMemoryAllocator/include/vk_mem_alloc.h:6713
	lib/VulkanMemoryAllocator/include/vk_mem_alloc.h:6812
	lib/VulkanMemoryAllocator/include/vk_mem_alloc.h:6813
	lib/VulkanMemoryAllocator/include/vk_mem_alloc.h:6822
	lib/VulkanMemoryAllocator/include/vk_mem_alloc.h:6829
	lib/VulkanMemoryAllocator/include/vk_mem_alloc.h:6846
	lib/VulkanMemoryAllocator/include/vk_mem_alloc.h:6904
	lib/VulkanMemoryAllocator/include/vk_mem_alloc.h:6940
	lib/VulkanMemoryAllocator/include/vk_mem_alloc.h:6948
	lib/VulkanMemoryAllocator/include/vk_mem_alloc.h:6956
	lib/VulkanMemoryAllocator/include/vk_mem_alloc.h:6962
	lib/VulkanMemoryAllocator/include/vk_mem_alloc.h:6997
	lib/VulkanMemoryAllocator/include/vk_mem_alloc.h:7001
	lib/VulkanMemoryAllocator/include/vk_mem_alloc.h:7005
	lib/VulkanMemoryAllocator/include/vk_mem_alloc.h:7010
	lib/VulkanMemoryAllocator/include/vk_mem_alloc.h:7030
	lib/VulkanMemoryAllocator/include/vk_mem_alloc.h:7033
	lib/VulkanMemoryAllocator/include/vk_mem_alloc.h:7081
	lib/VulkanMemoryAllocator/include/vk_mem_alloc.h:7086
	lib/VulkanMemoryAllocator/include/vk_mem_alloc.h:7215
	lib/VulkanMemoryAllocator/include/vk_mem_alloc.h:7240
	lib/VulkanMemoryAllocator/include/vk_mem_alloc.h:7251
	lib/VulkanMemoryAllocator/include/vk_mem_alloc.h:7252
	lib/VulkanMemoryAllocator/include/vk_mem_alloc.h:7253
	lib/VulkanMemoryAllocator/include/vk_mem_alloc.h:7322
	lib/VulkanMemoryAllocator/include/vk_mem_alloc.h:7394
	lib/VulkanMemoryAllocator/include/vk_mem_alloc.h:7405
	lib/VulkanMemoryAllocator/include/vk_mem_alloc.h:7425
	lib/VulkanMemoryAllocator/include/vk_mem_alloc.h:7543
	lib/VulkanMemoryAllocator/include/vk_mem_alloc.h:7547
	lib/VulkanMemoryAllocator/include/vk_mem_alloc.h:7551
	lib/VulkanMemoryAllocator/include/vk_mem_alloc.h:7562
	lib/VulkanMemoryAllocator/include/vk_mem_alloc.h:7565
	lib/VulkanMemoryAllocator/include/vk_mem_alloc.h:7630
	lib/VulkanMemoryAllocator/include/vk_mem_alloc.h:7633
	lib/VulkanMemoryAllocator/include/vk_mem_alloc.h:7639
	lib/VulkanMemoryAllocator/include/vk_mem_alloc.h:7649
	lib/VulkanMemoryAllocator/include/vk_mem_alloc.h:7666
	lib/VulkanMemoryAllocator/include/vk_mem_alloc.h:7704
	lib/VulkanMemoryAllocator/include/vk_mem_alloc.h:7745
	lib/VulkanMemoryAllocator/include/vk_mem_alloc.h:7780
	lib/VulkanMemoryAllocator/include/vk_mem_alloc.h:8423
	lib/VulkanMemoryAllocator/include/vk_mem_alloc.h:8426
	lib/VulkanMemoryAllocator/include/vk_mem_alloc.h:8740
	lib/VulkanMemoryAllocator/include/vk_mem_alloc.h:8852
	lib/VulkanMemoryAllocator/include/vk_mem_alloc.h:8886
	lib/VulkanMemoryAllocator/include/vk_mem_alloc.h:8967
	lib/VulkanMemoryAllocator/include/vk_mem_alloc.h:9030
	lib/VulkanMemoryAllocator/include/vk_mem_alloc.h:9086
	lib/VulkanMemoryAllocator/include/vk_mem_alloc.h:9158
	lib/VulkanMemoryAllocator/include/vk_mem_alloc.h:9164
	lib/VulkanMemoryAllocator/include/vk_mem_alloc.h:9168
	lib/VulkanMemoryAllocator/include/vk_mem_alloc.h:9177
	lib/VulkanMemoryAllocator/include/vk_mem_alloc.h:9180
	lib/VulkanMemoryAllocator/include/vk_mem_alloc.h:9221
	lib/VulkanMemoryAllocator/include/vk_mem_alloc.h:9263
	lib/VulkanMemoryAllocator/include/vk_mem_alloc.h:9274
	lib/VulkanMemoryAllocator/include/vk_mem_alloc.h:9324
	lib/VulkanMemoryAllocator/include/vk_mem_alloc.h:9373
	lib/VulkanMemoryAllocator/include/vk_mem_alloc.h:9484
	lib/VulkanMemoryAllocator/include/vk_mem_alloc.h:9487
	lib/VulkanMemoryAllocator/include/vk_mem_alloc.h:10038
	lib/VulkanMemoryAllocator/include/vk_mem_alloc.h:10102
	lib/VulkanMemoryAllocator/include/vk_mem_alloc.h:10111
	lib/VulkanMemoryAllocator/include/vk_mem_alloc.h:10116
	lib/VulkanMemoryAllocator/include/vk_mem_alloc.h:10128
	lib/VulkanMemoryAllocator/include/vk_mem_alloc.h:10129
	lib/VulkanMemoryAllocator/include/vk_mem_alloc.h:10155
	lib/VulkanMemoryAllocator/include/vk_mem_alloc.h:10165
	lib/VulkanMemoryAllocator/include/vk_mem_alloc.h:10167
	lib/VulkanMemoryAllocator/include/vk_mem_alloc.h:10204
	lib/VulkanMemoryAllocator/include/vk_mem_alloc.h:10279
	lib/VulkanMemoryAllocator/include/vk_mem_alloc.h:10280
	lib/VulkanMemoryAllocator/include/vk_mem_alloc.h:10281
	lib/VulkanMemoryAllocator/include/vk_mem_alloc.h:10283
	lib/VulkanMemoryAllocator/include/vk_mem_alloc.h:10284
	lib/VulkanMemoryAllocator/include/vk_mem_alloc.h:10285
	lib/VulkanMemoryAllocator/include/vk_mem_alloc.h:10285
	lib/VulkanMemoryAllocator/include/vk_mem_alloc.h:10286
	lib/VulkanMemoryAllocator/include/vk_mem_alloc.h:10287
	lib/VulkanMemoryAllocator/include/vk_mem_alloc.h:10290
	lib/VulkanMemoryAllocator/include/vk_mem_alloc.h:10292
	lib/VulkanMemoryAllocator/include/vk_mem_alloc.h:10292
	lib/VulkanMemoryAllocator/include/vk_mem_alloc.h:10292
	lib/VulkanMemoryAllocator/include/vk_mem_alloc.h:10445
	lib/VulkanMemoryAllocator/include/vk_mem_alloc.h:10451
	lib/VulkanMemoryAllocator/include/vk_mem_alloc.h:10463
	lib/VulkanMemoryAllocator/include/vk_mem_alloc.h:10554
	lib/VulkanMemoryAllocator/include/vk_mem_alloc.h:10585
	lib/VulkanMemoryAllocator/include/vk_mem_alloc.h:10587
	lib/VulkanMemoryAllocator/include/vk_mem_alloc.h:10588
	lib/VulkanMemoryAllocator/include/vk_mem_alloc.h:10589
	lib/VulkanMemoryAllocator/include/vk_mem_alloc.h:10590
	lib/VulkanMemoryAllocator/include/vk_mem_alloc.h:10591
	lib/VulkanMemoryAllocator/include/vk_mem_alloc.h:10592
	lib/VulkanMemoryAllocator/include/vk_mem_alloc.h:10593
	lib/VulkanMemoryAllocator/include/vk_mem_alloc.h:10594
	lib/VulkanMemoryAllocator/include/vk_mem_alloc.h:10595
	lib/VulkanMemoryAllocator/include/vk_mem_alloc.h:10598
	lib/VulkanMemoryAllocator/include/vk_mem_alloc.h:10647
	lib/VulkanMemoryAllocator/include/vk_mem_alloc.h:10660
	lib/VulkanMemoryAllocator/include/vk_mem_alloc.h:10670
	lib/VulkanMemoryAllocator/include/vk_mem_alloc.h:10671
	lib/VulkanMemoryAllocator/include/vk_mem_alloc.h:10675
	lib/VulkanMemoryAllocator/include/vk_mem_alloc.h:10676
	lib/VulkanMemoryAllocator/include/vk_mem_alloc.h:10703
	lib/VulkanMemoryAllocator/include/vk_mem_alloc.h:10704
	lib/VulkanMemoryAllocator/include/vk_mem_alloc.h:10850
	lib/VulkanMemoryAllocator/include/vk_mem_alloc.h:10870
	lib/VulkanMemoryAllocator/include/vk_mem_alloc.h:10871
	lib/VulkanMemoryAllocator/include/vk_mem_alloc.h:10872
	lib/VulkanMemoryAllocator/include/vk_mem_alloc.h:10883
	lib/VulkanMemoryAllocator/include/vk_mem_alloc.h:10884
	lib/VulkanMemoryAllocator/include/vk_mem_alloc.h:10885
	lib/VulkanMemoryAllocator/include/vk_mem_alloc.h:10886
	lib/VulkanMemoryAllocator/include/vk_mem_alloc.h:10905
	lib/VulkanMemoryAllocator/include/vk_mem_alloc.h:10914
	lib/VulkanMemoryAllocator/include/vk_mem_alloc.h:11066
	lib/VulkanMemoryAllocator/include/vk_mem_alloc.h:11239
	lib/VulkanMemoryAllocator/include/vk_mem_alloc.h:11269
	lib/VulkanMemoryAllocator/include/vk_mem_alloc.h:11596
	lib/VulkanMemoryAllocator/include/vk_mem_alloc.h:11666
	lib/VulkanMemoryAllocator/include/vk_mem_alloc.h:11672
	lib/VulkanMemoryAllocator/include/vk_mem_alloc.h:11737
	lib/VulkanMemoryAllocator/include/vk_mem_alloc.h:11747
	lib/VulkanMemoryAllocator/include/vk_mem_alloc.h:11749
	lib/VulkanMemoryAllocator/include/vk_mem_alloc.h:11790
	lib/VulkanMemoryAllocator/include/vk_mem_alloc.h:11794
	lib/VulkanMemoryAllocator/include/vk_mem_alloc.h:11809
	lib/VulkanMemoryAllocator/include/vk_mem_alloc.h:11936
	lib/VulkanMemoryAllocator/include/vk_mem_alloc.h:11961
	lib/VulkanMemoryAllocator/include/vk_mem_alloc.h:11968
	lib/VulkanMemoryAllocator/include/vk_mem_alloc.h:12057
	lib/VulkanMemoryAllocator/include/vk_mem_alloc.h:12073
	lib/VulkanMemoryAllocator/include/vk_mem_alloc.h:12098
	lib/VulkanMemoryAllocator/include/vk_mem_alloc.h:12099
	lib/VulkanMemoryAllocator/include/vk_mem_alloc.h:12100
	lib/VulkanMemoryAllocator/include/vk_mem_alloc.h:12210
	lib/VulkanMemoryAllocator/include/vk_mem_alloc.h:12452
	lib/VulkanMemoryAllocator/include/vk_mem_alloc.h:12488
	lib/VulkanMemoryAllocator/include/vk_mem_alloc.h:12583
	lib/VulkanMemoryAllocator/include/vk_mem_alloc.h:12647
	lib/VulkanMemoryAllocator/include/vk_mem_alloc.h:12701
	lib/VulkanMemoryAllocator/include/vk_mem_alloc.h:12714
	lib/VulkanMemoryAllocator/include/vk_mem_alloc.h:12772
	lib/VulkanMemoryAllocator/include/vk_mem_alloc.h:12798
	lib/VulkanMemoryAllocator/include/vk_mem_alloc.h:12835
	lib/VulkanMemoryAllocator/include/vk_mem_alloc.h:12835
	lib/VulkanMemoryAllocator/include/vk_mem_alloc.h:12931
	lib/VulkanMemoryAllocator/include/vk_mem_alloc.h:13002
	lib/VulkanMemoryAllocator/include/vk_mem_alloc.h:13014
	lib/VulkanMemoryAllocator/include/vk_mem_alloc.h:13015
	lib/VulkanMemoryAllocator/include/vk_mem_alloc.h:13016
	lib/VulkanMemoryAllocator/include/vk_mem_alloc.h:13213
	lib/VulkanMemoryAllocator/include/vk_mem_alloc.h:13215
	lib/VulkanMemoryAllocator/include/vk_mem_alloc.h:13215
	lib/VulkanMemoryAllocator/include/vk_mem_alloc.h:13215
	lib/VulkanMemoryAllocator/include/vk_mem_alloc.h:13848
	lib/VulkanMemoryAllocator/include/vk_mem_alloc.h:13856
	lib/VulkanMemoryAllocator/include/vk_mem_alloc.h:13912
	lib/VulkanMemoryAllocator/include/vk_mem_alloc.h:14013
	lib/VulkanMemoryAllocator/include/vk_mem_alloc.h:14014
	lib/VulkanMemoryAllocator/include/vk_mem_alloc.h:14015
	lib/VulkanMemoryAllocator/include/vk_mem_alloc.h:14016
	lib/VulkanMemoryAllocator/include/vk_mem_alloc.h:14058
	lib/VulkanMemoryAllocator/include/vk_mem_alloc.h:14160
	lib/VulkanMemoryAllocator/include/vk_mem_alloc.h:14161
	lib/VulkanMemoryAllocator/include/vk_mem_alloc.h:14162
	lib/VulkanMemoryAllocator/include/vk_mem_alloc.h:14210
	lib/VulkanMemoryAllocator/include/vk_mem_alloc.h:14211
	lib/VulkanMemoryAllocator/include/vk_mem_alloc.h:14242
	lib/VulkanMemoryAllocator/include/vk_mem_alloc.h:14243
	lib/VulkanMemoryAllocator/include/vk_mem_alloc.h:14358
	lib/VulkanMemoryAllocator/include/vk_mem_alloc.h:14454
	lib/VulkanMemoryAllocator/include/vk_mem_alloc.h:14455
	lib/VulkanMemoryAllocator/include/vk_mem_alloc.h:14536
	lib/VulkanMemoryAllocator/include/vk_mem_alloc.h:14537
	lib/VulkanMemoryAllocator/include/vk_mem_alloc.h:14588
	lib/VulkanMemoryAllocator/include/vk_mem_alloc.h:14589
	lib/VulkanMemoryAllocator/include/vk_mem_alloc.h:15438
	lib/VulkanMemoryAllocator/include/vk_mem_alloc.h:15614
	lib/VulkanMemoryAllocator/include/vk_mem_alloc.h:16401
	lib/VulkanMemoryAllocator/include/vk_mem_alloc.h:16402
	lib/VulkanMemoryAllocator/include/vk_mem_alloc.h:16442
	lib/VulkanMemoryAllocator/include/vk_mem_alloc.h:16443
	lib/VulkanMemoryAllocator/build/install/include/vk_mem_alloc.h:3386
	lib/VulkanMemoryAllocator/build/install/include/vk_mem_alloc.h:3403
	lib/VulkanMemoryAllocator/build/install/include/vk_mem_alloc.h:3406
	lib/VulkanMemoryAllocator/build/install/include/vk_mem_alloc.h:3420
	lib/VulkanMemoryAllocator/build/install/include/vk_mem_alloc.h:3423
	lib/VulkanMemoryAllocator/build/install/include/vk_mem_alloc.h:3435
	lib/VulkanMemoryAllocator/build/install/include/vk_mem_alloc.h:3438
	lib/VulkanMemoryAllocator/build/install/include/vk_mem_alloc.h:3750
	lib/VulkanMemoryAllocator/build/install/include/vk_mem_alloc.h:3753
	lib/VulkanMemoryAllocator/build/install/include/vk_mem_alloc.h:3754
	lib/VulkanMemoryAllocator/build/install/include/vk_mem_alloc.h:3756
	lib/VulkanMemoryAllocator/build/install/include/vk_mem_alloc.h:3757
	lib/VulkanMemoryAllocator/build/install/include/vk_mem_alloc.h:3767
	lib/VulkanMemoryAllocator/build/install/include/vk_mem_alloc.h:3937
	lib/VulkanMemoryAllocator/build/install/include/vk_mem_alloc.h:4024
	lib/VulkanMemoryAllocator/build/install/include/vk_mem_alloc.h:4036
	lib/VulkanMemoryAllocator/build/install/include/vk_mem_alloc.h:4056
	lib/VulkanMemoryAllocator/build/install/include/vk_mem_alloc.h:4105
	lib/VulkanMemoryAllocator/build/install/include/vk_mem_alloc.h:4182
	lib/VulkanMemoryAllocator/build/install/include/vk_mem_alloc.h:4211
	lib/VulkanMemoryAllocator/build/install/include/vk_mem_alloc.h:4212
	lib/VulkanMemoryAllocator/build/install/include/vk_mem_alloc.h:4264
	lib/VulkanMemoryAllocator/build/install/include/vk_mem_alloc.h:4265
	lib/VulkanMemoryAllocator/build/install/include/vk_mem_alloc.h:4266
	lib/VulkanMemoryAllocator/build/install/include/vk_mem_alloc.h:4267
	lib/VulkanMemoryAllocator/build/install/include/vk_mem_alloc.h:4268
	lib/VulkanMemoryAllocator/build/install/include/vk_mem_alloc.h:4269
	lib/VulkanMemoryAllocator/build/install/include/vk_mem_alloc.h:4488
	lib/VulkanMemoryAllocator/build/install/include/vk_mem_alloc.h:4575
	lib/VulkanMemoryAllocator/build/install/include/vk_mem_alloc.h:4591
	lib/VulkanMemoryAllocator/build/install/include/vk_mem_alloc.h:4607
	lib/VulkanMemoryAllocator/build/install/include/vk_mem_alloc.h:4670
	lib/VulkanMemoryAllocator/build/install/include/vk_mem_alloc.h:4675
	lib/VulkanMemoryAllocator/build/install/include/vk_mem_alloc.h:4709
	lib/VulkanMemoryAllocator/build/install/include/vk_mem_alloc.h:4730
	lib/VulkanMemoryAllocator/build/install/include/vk_mem_alloc.h:4801
	lib/VulkanMemoryAllocator/build/install/include/vk_mem_alloc.h:4934
	lib/VulkanMemoryAllocator/build/install/include/vk_mem_alloc.h:4951
	lib/VulkanMemoryAllocator/build/install/include/vk_mem_alloc.h:4952
	lib/VulkanMemoryAllocator/build/install/include/vk_mem_alloc.h:4985
	lib/VulkanMemoryAllocator/build/install/include/vk_mem_alloc.h:5026
	lib/VulkanMemoryAllocator/build/install/include/vk_mem_alloc.h:5219
	lib/VulkanMemoryAllocator/build/install/include/vk_mem_alloc.h:5487
	lib/VulkanMemoryAllocator/build/install/include/vk_mem_alloc.h:5488
	lib/VulkanMemoryAllocator/build/install/include/vk_mem_alloc.h:5513
	lib/VulkanMemoryAllocator/build/install/include/vk_mem_alloc.h:5514
	lib/VulkanMemoryAllocator/build/install/include/vk_mem_alloc.h:5541
	lib/VulkanMemoryAllocator/build/install/include/vk_mem_alloc.h:5542
	lib/VulkanMemoryAllocator/build/install/include/vk_mem_alloc.h:5569
	lib/VulkanMemoryAllocator/build/install/include/vk_mem_alloc.h:5570
	lib/VulkanMemoryAllocator/build/install/include/vk_mem_alloc.h:5587
	lib/VulkanMemoryAllocator/build/install/include/vk_mem_alloc.h:5710
	lib/VulkanMemoryAllocator/build/install/include/vk_mem_alloc.h:6015
	lib/VulkanMemoryAllocator/build/install/include/vk_mem_alloc.h:6021
	lib/VulkanMemoryAllocator/build/install/include/vk_mem_alloc.h:6049
	lib/VulkanMemoryAllocator/build/install/include/vk_mem_alloc.h:6063
	lib/VulkanMemoryAllocator/build/install/include/vk_mem_alloc.h:6070
	lib/VulkanMemoryAllocator/build/install/include/vk_mem_alloc.h:6072
	lib/VulkanMemoryAllocator/build/install/include/vk_mem_alloc.h:6073
	lib/VulkanMemoryAllocator/build/install/include/vk_mem_alloc.h:6089
	lib/VulkanMemoryAllocator/build/install/include/vk_mem_alloc.h:6114
	lib/VulkanMemoryAllocator/build/install/include/vk_mem_alloc.h:6244
	lib/VulkanMemoryAllocator/build/install/include/vk_mem_alloc.h:6258
	lib/VulkanMemoryAllocator/build/install/include/vk_mem_alloc.h:6287
	lib/VulkanMemoryAllocator/build/install/include/vk_mem_alloc.h:6357
	lib/VulkanMemoryAllocator/build/install/include/vk_mem_alloc.h:6401
	lib/VulkanMemoryAllocator/build/install/include/vk_mem_alloc.h:6460
	lib/VulkanMemoryAllocator/build/install/include/vk_mem_alloc.h:6514
	lib/VulkanMemoryAllocator/build/install/include/vk_mem_alloc.h:6522
	lib/VulkanMemoryAllocator/build/install/include/vk_mem_alloc.h:6530
	lib/VulkanMemoryAllocator/build/install/include/vk_mem_alloc.h:6571
	lib/VulkanMemoryAllocator/build/install/include/vk_mem_alloc.h:6580
	lib/VulkanMemoryAllocator/build/install/include/vk_mem_alloc.h:6662
	lib/VulkanMemoryAllocator/build/install/include/vk_mem_alloc.h:6672
	lib/VulkanMemoryAllocator/build/install/include/vk_mem_alloc.h:6693
	lib/VulkanMemoryAllocator/build/install/include/vk_mem_alloc.h:6694
	lib/VulkanMemoryAllocator/build/install/include/vk_mem_alloc.h:6713
	lib/VulkanMemoryAllocator/build/install/include/vk_mem_alloc.h:6812
	lib/VulkanMemoryAllocator/build/install/include/vk_mem_alloc.h:6813
	lib/VulkanMemoryAllocator/build/install/include/vk_mem_alloc.h:6822
	lib/VulkanMemoryAllocator/build/install/include/vk_mem_alloc.h:6829
	lib/VulkanMemoryAllocator/build/install/include/vk_mem_alloc.h:6846
	lib/VulkanMemoryAllocator/build/install/include/vk_mem_alloc.h:6904
	lib/VulkanMemoryAllocator/build/install/include/vk_mem_alloc.h:6940
	lib/VulkanMemoryAllocator/build/install/include/vk_mem_alloc.h:6948
	lib/VulkanMemoryAllocator/build/install/include/vk_mem_alloc.h:6956
	lib/VulkanMemoryAllocator/build/install/include/vk_mem_alloc.h:6962
	lib/VulkanMemoryAllocator/build/install/include/vk_mem_alloc.h:6997
	lib/VulkanMemoryAllocator/build/install/include/vk_mem_alloc.h:7001
	lib/VulkanMemoryAllocator/build/install/include/vk_mem_alloc.h:7005
	lib/VulkanMemoryAllocator/build/install/include/vk_mem_alloc.h:7010
	lib/VulkanMemoryAllocator/build/install/include/vk_mem_alloc.h:7030
	lib/VulkanMemoryAllocator/build/install/include/vk_mem_alloc.h:7033
	lib/VulkanMemoryAllocator/build/install/include/vk_mem_alloc.h:7081
	lib/VulkanMemoryAllocator/build/install/include/vk_mem_alloc.h:7086
	lib/VulkanMemoryAllocator/build/install/include/vk_mem_alloc.h:7215
	lib/VulkanMemoryAllocator/build/install/include/vk_mem_alloc.h:7240
	lib/VulkanMemoryAllocator/build/install/include/vk_mem_alloc.h:7251
	lib/VulkanMemoryAllocator/build/install/include/vk_mem_alloc.h:7252
	lib/VulkanMemoryAllocator/build/install/include/vk_mem_alloc.h:7253
	lib/VulkanMemoryAllocator/build/install/include/vk_mem_alloc.h:7322
	lib/VulkanMemoryAllocator/build/install/include/vk_mem_alloc.h:7394
	lib/VulkanMemoryAllocator/build/install/include/vk_mem_alloc.h:7405
	lib/VulkanMemoryAllocator/build/install/include/vk_mem_alloc.h:7425
	lib/VulkanMemoryAllocator/build/install/include/vk_mem_alloc.h:7543
	lib/VulkanMemoryAllocator/build/install/include/vk_mem_alloc.h:7547
	lib/VulkanMemoryAllocator/build/install/include/vk_mem_alloc.h:7551
	lib/VulkanMemoryAllocator/build/install/include/vk_mem_alloc.h:7562
	lib/VulkanMemoryAllocator/build/install/include/vk_mem_alloc.h:7565
	lib/VulkanMemoryAllocator/build/install/include/vk_mem_alloc.h:7630
	lib/VulkanMemoryAllocator/build/install/include/vk_mem_alloc.h:7633
	lib/VulkanMemoryAllocator/build/install/include/vk_mem_alloc.h:7639
	lib/VulkanMemoryAllocator/build/install/include/vk_mem_alloc.h:7649
	lib/VulkanMemoryAllocator/build/install/include/vk_mem_alloc.h:7666
	lib/VulkanMemoryAllocator/build/install/include/vk_mem_alloc.h:7704
	lib/VulkanMemoryAllocator/build/install/include/vk_mem_alloc.h:7745
	lib/VulkanMemoryAllocator/build/install/include/vk_mem_alloc.h:7780
	lib/VulkanMemoryAllocator/build/install/include/vk_mem_alloc.h:8423
	lib/VulkanMemoryAllocator/build/install/include/vk_mem_alloc.h:8426
	lib/VulkanMemoryAllocator/build/install/include/vk_mem_alloc.h:8740
	lib/VulkanMemoryAllocator/build/install/include/vk_mem_alloc.h:8852
	lib/VulkanMemoryAllocator/build/install/include/vk_mem_alloc.h:8886
	lib/VulkanMemoryAllocator/build/install/include/vk_mem_alloc.h:8967
	lib/VulkanMemoryAllocator/build/install/include/vk_mem_alloc.h:9030
	lib/VulkanMemoryAllocator/build/install/include/vk_mem_alloc.h:9086
	lib/VulkanMemoryAllocator/build/install/include/vk_mem_alloc.h:9158
	lib/VulkanMemoryAllocator/build/install/include/vk_mem_alloc.h:9164
	lib/VulkanMemoryAllocator/build/install/include/vk_mem_alloc.h:9168
	lib/VulkanMemoryAllocator/build/install/include/vk_mem_alloc.h:9177
	lib/VulkanMemoryAllocator/build/install/include/vk_mem_alloc.h:9180
	lib/VulkanMemoryAllocator/build/install/include/vk_mem_alloc.h:9221
	lib/VulkanMemoryAllocator/build/install/include/vk_mem_alloc.h:9263
	lib/VulkanMemoryAllocator/build/install/include/vk_mem_alloc.h:9274
	lib/VulkanMemoryAllocator/build/install/include/vk_mem_alloc.h:9324
	lib/VulkanMemoryAllocator/build/install/include/vk_mem_alloc.h:9373
	lib/VulkanMemoryAllocator/build/install/include/vk_mem_alloc.h:9484
	lib/VulkanMemoryAllocator/build/install/include/vk_mem_alloc.h:9487
	lib/VulkanMemoryAllocator/build/install/include/vk_mem_alloc.h:10038
	lib/VulkanMemoryAllocator/build/install/include/vk_mem_alloc.h:10102
	lib/VulkanMemoryAllocator/build/install/include/vk_mem_alloc.h:10111
	lib/VulkanMemoryAllocator/build/install/include/vk_mem_alloc.h:10116
	lib/VulkanMemoryAllocator/build/install/include/vk_mem_alloc.h:10128
	lib/VulkanMemoryAllocator/build/install/include/vk_mem_alloc.h:10129
	lib/VulkanMemoryAllocator/build/install/include/vk_mem_alloc.h:10155
	lib/VulkanMemoryAllocator/build/install/include/vk_mem_alloc.h:10165
	lib/VulkanMemoryAllocator/build/install/include/vk_mem_alloc.h:10167
	lib/VulkanMemoryAllocator/build/install/include/vk_mem_alloc.h:10204
	lib/VulkanMemoryAllocator/build/install/include/vk_mem_alloc.h:10279
	lib/VulkanMemoryAllocator/build/install/include/vk_mem_alloc.h:10280
	lib/VulkanMemoryAllocator/build/install/include/vk_mem_alloc.h:10281
	lib/VulkanMemoryAllocator/build/install/include/vk_mem_alloc.h:10283
	lib/VulkanMemoryAllocator/build/install/include/vk_mem_alloc.h:10284
	lib/VulkanMemoryAllocator/build/install/include/vk_mem_alloc.h:10285
	lib/VulkanMemoryAllocator/build/install/include/vk_mem_alloc.h:10285
	lib/VulkanMemoryAllocator/build/install/include/vk_mem_alloc.h:10286
	lib/VulkanMemoryAllocator/build/install/include/vk_mem_alloc.h:10287
	lib/VulkanMemoryAllocator/build/install/include/vk_mem_alloc.h:10290
	lib/VulkanMemoryAllocator/build/install/include/vk_mem_alloc.h:10292
	lib/VulkanMemoryAllocator/build/install/include/vk_mem_alloc.h:10292
	lib/VulkanMemoryAllocator/build/install/include/vk_mem_alloc.h:10292
	lib/VulkanMemoryAllocator/build/install/include/vk_mem_alloc.h:10445
	lib/VulkanMemoryAllocator/build/install/include/vk_mem_alloc.h:10451
	lib/VulkanMemoryAllocator/build/install/include/vk_mem_alloc.h:10463
	lib/VulkanMemoryAllocator/build/install/include/vk_mem_alloc.h:10554
	lib/VulkanMemoryAllocator/build/install/include/vk_mem_alloc.h:10585
	lib/VulkanMemoryAllocator/build/install/include/vk_mem_alloc.h:10587
	lib/VulkanMemoryAllocator/build/install/include/vk_mem_alloc.h:10588
	lib/VulkanMemoryAllocator/build/install/include/vk_mem_alloc.h:10589
	lib/VulkanMemoryAllocator/build/install/include/vk_mem_alloc.h:10590
	lib/VulkanMemoryAllocator/build/install/include/vk_mem_alloc.h:10591
	lib/VulkanMemoryAllocator/build/install/include/vk_mem_alloc.h:10592
	lib/VulkanMemoryAllocator/build/install/include/vk_mem_alloc.h:10593
	lib/VulkanMemoryAllocator/build/install/include/vk_mem_alloc.h:10594
	lib/VulkanMemoryAllocator/build/install/include/vk_mem_alloc.h:10595
	lib/VulkanMemoryAllocator/build/install/include/vk_mem_alloc.h:10598
	lib/VulkanMemoryAllocator/build/install/include/vk_mem_alloc.h:10647
	lib/VulkanMemoryAllocator/build/install/include/vk_mem_alloc.h:10660
	lib/VulkanMemoryAllocator/build/install/include/vk_mem_alloc.h:10670
	lib/VulkanMemoryAllocator/build/install/include/vk_mem_alloc.h:10671
	lib/VulkanMemoryAllocator/build/install/include/vk_mem_alloc.h:10675
	lib/VulkanMemoryAllocator/build/install/include/vk_mem_alloc.h:10676
	lib/VulkanMemoryAllocator/build/install/include/vk_mem_alloc.h:10703
	lib/VulkanMemoryAllocator/build/install/include/vk_mem_alloc.h:10704
	lib/VulkanMemoryAllocator/build/install/include/vk_mem_alloc.h:10850
	lib/VulkanMemoryAllocator/build/install/include/vk_mem_alloc.h:10870
	lib/VulkanMemoryAllocator/build/install/include/vk_mem_alloc.h:10871
	lib/VulkanMemoryAllocator/build/install/include/vk_mem_alloc.h:10872
	lib/VulkanMemoryAllocator/build/install/include/vk_mem_alloc.h:10883
	lib/VulkanMemoryAllocator/build/install/include/vk_mem_alloc.h:10884
	lib/VulkanMemoryAllocator/build/install/include/vk_mem_alloc.h:10885
	lib/VulkanMemoryAllocator/build/install/include/vk_mem_alloc.h:10886
	lib/VulkanMemoryAllocator/build/install/include/vk_mem_alloc.h:10905
	lib/VulkanMemoryAllocator/build/install/include/vk_mem_alloc.h:10914
	lib/VulkanMemoryAllocator/build/install/include/vk_mem_alloc.h:11066
	lib/VulkanMemoryAllocator/build/install/include/vk_mem_alloc.h:11239
	lib/VulkanMemoryAllocator/build/install/include/vk_mem_alloc.h:11269
	lib/VulkanMemoryAllocator/build/install/include/vk_mem_alloc.h:11596
	lib/VulkanMemoryAllocator/build/install/include/vk_mem_alloc.h:11666
	lib/VulkanMemoryAllocator/build/install/include/vk_mem_alloc.h:11672
	lib/VulkanMemoryAllocator/build/install/include/vk_mem_alloc.h:11737
	lib/VulkanMemoryAllocator/build/install/include/vk_mem_alloc.h:11747
	lib/VulkanMemoryAllocator/build/install/include/vk_mem_alloc.h:11749
	lib/VulkanMemoryAllocator/build/install/include/vk_mem_alloc.h:11790
	lib/VulkanMemoryAllocator/build/install/include/vk_mem_alloc.h:11794
	lib/VulkanMemoryAllocator/build/install/include/vk_mem_alloc.h:11809
	lib/VulkanMemoryAllocator/build/install/include/vk_mem_alloc.h:11936
	lib/VulkanMemoryAllocator/build/install/include/vk_mem_alloc.h:11961
	lib/VulkanMemoryAllocator/build/install/include/vk_mem_alloc.h:11968
	lib/VulkanMemoryAllocator/build/install/include/vk_mem_alloc.h:12057
	lib/VulkanMemoryAllocator/build/install/include/vk_mem_alloc.h:12073
	lib/VulkanMemoryAllocator/build/install/include/vk_mem_alloc.h:12098
	lib/VulkanMemoryAllocator/build/install/include/vk_mem_alloc.h:12099
	lib/VulkanMemoryAllocator/build/install/include/vk_mem_alloc.h:12100
	lib/VulkanMemoryAllocator/build/install/include/vk_mem_alloc.h:12210
	lib/VulkanMemoryAllocator/build/install/include/vk_mem_alloc.h:12452
	lib/VulkanMemoryAllocator/build/install/include/vk_mem_alloc.h:12488
	lib/VulkanMemoryAllocator/build/install/include/vk_mem_alloc.h:12583
	lib/VulkanMemoryAllocator/build/install/include/vk_mem_alloc.h:12647
	lib/VulkanMemoryAllocator/build/install/include/vk_mem_alloc.h:12701
	lib/VulkanMemoryAllocator/build/install/include/vk_mem_alloc.h:12714
	lib/VulkanMemoryAllocator/build/install/include/vk_mem_alloc.h:12772
	lib/VulkanMemoryAllocator/build/install/include/vk_mem_alloc.h:12798
	lib/VulkanMemoryAllocator/build/install/include/vk_mem_alloc.h:12835
	lib/VulkanMemoryAllocator/build/install/include/vk_mem_alloc.h:12835
	lib/VulkanMemoryAllocator/build/install/include/vk_mem_alloc.h:12931
	lib/VulkanMemoryAllocator/build/install/include/vk_mem_alloc.h:13002
	lib/VulkanMemoryAllocator/build/install/include/vk_mem_alloc.h:13014
	lib/VulkanMemoryAllocator/build/install/include/vk_mem_alloc.h:13015
	lib/VulkanMemoryAllocator/build/install/include/vk_mem_alloc.h:13016
	lib/VulkanMemoryAllocator/build/install/include/vk_mem_alloc.h:13213
	lib/VulkanMemoryAllocator/build/install/include/vk_mem_alloc.h:13215
	lib/VulkanMemoryAllocator/build/install/include/vk_mem_alloc.h:13215
	lib/VulkanMemoryAllocator/build/install/include/vk_mem_alloc.h:13215
	lib/VulkanMemoryAllocator/build/install/include/vk_mem_alloc.h:13848
	lib/VulkanMemoryAllocator/build/install/include/vk_mem_alloc.h:13856
	lib/VulkanMemoryAllocator/build/install/include/vk_mem_alloc.h:13912
	lib/VulkanMemoryAllocator/build/install/include/vk_mem_alloc.h:14013
	lib/VulkanMemoryAllocator/build/install/include/vk_mem_alloc.h:14014
	lib/VulkanMemoryAllocator/build/install/include/vk_mem_alloc.h:14015
	lib/VulkanMemoryAllocator/build/install/include/vk_mem_alloc.h:14016
	lib/VulkanMemoryAllocator/build/install/include/vk_mem_alloc.h:14058
	lib/VulkanMemoryAllocator/build/install/include/vk_mem_alloc.h:14160
	lib/VulkanMemoryAllocator/build/install/include/vk_mem_alloc.h:14161
	lib/VulkanMemoryAllocator/build/install/include/vk_mem_alloc.h:14162
	lib/VulkanMemoryAllocator/build/install/include/vk_mem_alloc.h:14210
	lib/VulkanMemoryAllocator/build/install/include/vk_mem_alloc.h:14211
	lib/VulkanMemoryAllocator/build/install/include/vk_mem_alloc.h:14242
	lib/VulkanMemoryAllocator/build/install/include/vk_mem_alloc.h:14243
	lib/VulkanMemoryAllocator/build/install/include/vk_mem_alloc.h:14358
	lib/VulkanMemoryAllocator/build/install/include/vk_mem_alloc.h:14454
	lib/VulkanMemoryAllocator/build/install/include/vk_mem_alloc.h:14455
	lib/VulkanMemoryAllocator/build/install/include/vk_mem_alloc.h:14536
	lib/VulkanMemoryAllocator/build/install/include/vk_mem_alloc.h:14537
	lib/VulkanMemoryAllocator/build/install/include/vk_mem_alloc.h:14588
	lib/VulkanMemoryAllocator/build/install/include/vk_mem_alloc.h:14589
	lib/VulkanMemoryAllocator/build/install/include/vk_mem_alloc.h:15438
	lib/VulkanMemoryAllocator/build/install/include/vk_mem_alloc.h:15614
	lib/VulkanMemoryAllocator/build/install/include/vk_mem_alloc.h:16401
	lib/VulkanMemoryAllocator/build/install/include/vk_mem_alloc.h:16402
	lib/VulkanMemoryAllocator/build/install/include/vk_mem_alloc.h:16442
	lib/VulkanMemoryAllocator/build/install/include/vk_mem_alloc.h:16443
	lib/VulkanMemoryAllocator/src/VulkanSample.cpp:42
	lib/VulkanMemoryAllocator/src/VulkanSample.cpp:45
	lib/VulkanMemoryAllocator/src/VulkanSample.cpp:61
	lib/VulkanMemoryAllocator/src/VulkanSample.cpp:62
	lib/VulkanMemoryAllocator/src/VulkanSample.cpp:63
	lib/VulkanMemoryAllocator/src/VulkanSample.cpp:64
	lib/VulkanMemoryAllocator/src/VulkanSample.cpp:65
	lib/VulkanMemoryAllocator/src/VulkanSample.cpp:66
	lib/VulkanMemoryAllocator/src/VulkanSample.cpp:67
	lib/VulkanMemoryAllocator/src/VulkanSample.cpp:68
	lib/VulkanMemoryAllocator/src/VulkanSample.cpp:69
	lib/VulkanMemoryAllocator/src/VulkanSample.cpp:70
	lib/VulkanMemoryAllocator/src/VulkanSample.cpp:71
	lib/VulkanMemoryAllocator/src/VulkanSample.cpp:72
	lib/VulkanMemoryAllocator/src/VulkanSample.cpp:73
	lib/VulkanMemoryAllocator/src/VulkanSample.cpp:218
	lib/VulkanMemoryAllocator/src/VulkanSample.cpp:223
	lib/VulkanMemoryAllocator/src/VulkanSample.cpp:224
	lib/VulkanMemoryAllocator/src/VulkanSample.cpp:225
	lib/VulkanMemoryAllocator/src/VulkanSample.cpp:226
	lib/VulkanMemoryAllocator/src/VulkanSample.cpp:229
	lib/VulkanMemoryAllocator/src/VulkanSample.cpp:630
	lib/VulkanMemoryAllocator/src/VulkanSample.cpp:636
	lib/VulkanMemoryAllocator/src/VulkanSample.cpp:1406
	lib/VulkanMemoryAllocator/src/VulkanSample.cpp:1676
	lib/VulkanMemoryAllocator/src/VulkanSample.cpp:1694
	lib/VulkanMemoryAllocator/src/VulkanSample.cpp:1742
	lib/VulkanMemoryAllocator/src/VulkanSample.cpp:1743
	lib/VulkanMemoryAllocator/src/VulkanSample.cpp:1894
	lib/VulkanMemoryAllocator/src/VulkanSample.cpp:1943
	lib/VulkanMemoryAllocator/src/VulkanSample.cpp:2422
	lib/VulkanMemoryAllocator/src/SparseBindingTest.cpp:34
	lib/VulkanMemoryAllocator/src/SparseBindingTest.cpp:41
	lib/VulkanMemoryAllocator/src/SparseBindingTest.cpp:123
	lib/VulkanMemoryAllocator/src/Common.cpp:96
	lib/VulkanMemoryAllocator/src/Common.cpp:110
	lib/VulkanMemoryAllocator/src/Common.cpp:207
	lib/VulkanMemoryAllocator/src/Common.cpp:236
	lib/VulkanMemoryAllocator/src/Tests.cpp:39
	lib/VulkanMemoryAllocator/src/Tests.cpp:40
	lib/VulkanMemoryAllocator/src/Tests.cpp:41
	lib/VulkanMemoryAllocator/src/Tests.cpp:42
	lib/VulkanMemoryAllocator/src/Tests.cpp:122
	lib/VulkanMemoryAllocator/src/Tests.cpp:129
	lib/VulkanMemoryAllocator/src/Tests.cpp:201
	lib/VulkanMemoryAllocator/src/Tests.cpp:209
	lib/VulkanMemoryAllocator/src/Tests.cpp:495
	lib/VulkanMemoryAllocator/src/Tests.cpp:584
	lib/VulkanMemoryAllocator/src/Tests.cpp:599
	lib/VulkanMemoryAllocator/src/Tests.cpp:740
	lib/VulkanMemoryAllocator/src/Tests.cpp:763
	lib/VulkanMemoryAllocator/src/Tests.cpp:825
	lib/VulkanMemoryAllocator/src/Tests.cpp:836
	lib/VulkanMemoryAllocator/src/Tests.cpp:851
	lib/VulkanMemoryAllocator/src/Tests.cpp:906
	lib/VulkanMemoryAllocator/src/Tests.cpp:945
	lib/VulkanMemoryAllocator/src/Tests.cpp:962
	lib/VulkanMemoryAllocator/src/Tests.cpp:1008
	lib/VulkanMemoryAllocator/src/Tests.cpp:1090
	lib/VulkanMemoryAllocator/src/Tests.cpp:1117
	lib/VulkanMemoryAllocator/src/Tests.cpp:1136
	lib/VulkanMemoryAllocator/src/Tests.cpp:1175
	lib/VulkanMemoryAllocator/src/Tests.cpp:1203
	lib/VulkanMemoryAllocator/src/Tests.cpp:1239
	lib/VulkanMemoryAllocator/src/Tests.cpp:1286
	lib/VulkanMemoryAllocator/src/Tests.cpp:1287
	lib/VulkanMemoryAllocator/src/Tests.cpp:1373
	lib/VulkanMemoryAllocator/src/Tests.cpp:1444
	lib/VulkanMemoryAllocator/src/Tests.cpp:1912
	lib/VulkanMemoryAllocator/src/Tests.cpp:2240
	lib/VulkanMemoryAllocator/src/Tests.cpp:3340
	lib/VulkanMemoryAllocator/src/Tests.cpp:3565
	lib/VulkanMemoryAllocator/src/Tests.cpp:4015
	lib/VulkanMemoryAllocator/src/Tests.cpp:4033
	lib/VulkanMemoryAllocator/src/Tests.cpp:4287
	lib/VulkanMemoryAllocator/src/Tests.cpp:4322
	lib/VulkanMemoryAllocator/src/Tests.cpp:4349
	lib/VulkanMemoryAllocator/src/Tests.cpp:4862
	lib/VulkanMemoryAllocator/src/Tests.cpp:5268
	lib/VulkanMemoryAllocator/src/Tests.cpp:5386
	lib/VulkanMemoryAllocator/src/Tests.cpp:5440
	lib/VulkanMemoryAllocator/src/Tests.cpp:5460
	lib/VulkanMemoryAllocator/src/Tests.cpp:5936
	lib/VulkanMemoryAllocator/src/Tests.cpp:6693
	lib/VulkanMemoryAllocator/src/Tests.cpp:6694
	lib/VulkanMemoryAllocator/src/Tests.cpp:6695
	lib/VulkanMemoryAllocator/src/Tests.cpp:7312
	lib/VulkanMemoryAllocator/src/Tests.cpp:8492
	lib/VulkanMemoryAllocator/src/Tests.cpp:8663
	lib/VulkanMemoryAllocator/src/Tests.cpp:8757
	lib/VulkanMemoryAllocator/src/Common.h:72
	lib/VulkanMemoryAllocator/src/Common.h:327
	lib/VulkanMemoryAllocator/src/Common.h:328
	src/engine/widget/widget_renderer.c:530
	src/engine/widget/widget_renderer.c:598
	src/engine/widget/widget_renderer.c:612
	src/engine/widget/widget_renderer.c:622
	src/engine/widget/widget_renderer.c:656
	src/engine/widget/widget_renderer.c:746
	src/engine/widget/widget_renderer.c:786
	src/engine/widget/widget_renderer.c:797
	src/engine/widget/widget_renderer.c:1102
	src/engine/widget/widget_renderer.c:1149
	src/engine/widget/widget_renderer.c:1162
	src/engine/widget/widget_renderer.c:1185
	src/engine/widget/widget_renderer.c:1201
	src/engine/widget/widget_renderer.c:1216
	src/engine/widget/widget_renderer.c:1230
	src/engine/gfx/gfx.c:346
	src/engine/gfx/gfx.c:508
	src/engine/gfx/gfx.c:548
	src/engine/gfx/gfx.c:574
	src/engine/gfx/gfx.c:600
	src/engine/gfx/gfx.c:619
	src/engine/gfx/gfx.c:630
	src/engine/gfx/gfx.c:657
	src/engine/gfx/gfx.c:681
	src/engine/gfx/gfx.c:694
	src/engine/gfx/gfx.c:727
	src/engine/gfx/gfx.c:752
	src/engine/gfx/gfx.c:764
	src/engine/gfx/vk_device.c:23
	src/engine/gfx/vk_device.c:46
	src/engine/gfx/vk_device.c:63
	src/engine/gfx/vk_device.c:75
	src/engine/gfx/vk_device.c:76
	src/engine/gfx/vk_device.c:89
	src/engine/gfx/vk_device.c:184
	src/engine/gfx/vk_instance.c:21
	src/engine/gfx/vk_instance.c:63
	src/engine/mem/mem.c:197
	src/engine/text/text_block.c:382
	src/engine/text/text_block.c:387
	src/engine/text/text_block.c:388
	src/engine/text/text_renderer.c:306
	src/game/input.c:17
	src/game/input.c:109
	src/game/voxel/voxel_renderer.c:1923
	src/game/voxel/voxel_renderer.c:2045
	src/game/softbody/softbody.c:830
	lib/glfw/tests/triangle-vulkan.c:143
	lib/glfw/tests/triangle-vulkan.c:248
	lib/glfw/tests/triangle-vulkan.c:262
	lib/glfw/tests/triangle-vulkan.c:285
	lib/glfw/tests/window.c:56
	lib/glfw/tests/window.c:57
	lib/glfw/tests/window.c:58
	lib/glfw/tests/window.c:94
	lib/glfw/tests/window.c:190
	lib/glfw/tests/window.c:274
	lib/glfw/tests/window.c:308
	lib/glfw/tests/glfwinfo.c:308
	lib/glfw/tests/glfwinfo.c:354
	lib/glfw/tests/glfwinfo.c:354
	lib/glfw/tests/glfwinfo.c:364
	lib/glfw/tests/glfwinfo.c:365
	lib/glfw/tests/glfwinfo.c:366
	lib/glfw/tests/glfwinfo.c:380
	lib/glfw/tests/glfwinfo.c:381
	lib/glfw/tests/glfwinfo.c:384
	lib/glfw/tests/glfwinfo.c:385
	lib/glfw/tests/glfwinfo.c:627
	lib/glfw/tests/glfwinfo.c:672
	lib/glfw/tests/glfwinfo.c:683
	lib/glfw/tests/glfwinfo.c:956
	lib/glfw/tests/glfwinfo.c:1044
	lib/glfw/tests/timeout.c:109
	lib/glfw/tests/empty.c:160
	lib/glfw/tests/empty.c:171
	lib/glfw/src/vulkan.c:52
	lib/glfw/src/cocoa_window.m:99
	lib/glfw/src/cocoa_joystick.m:381
	lib/fast_obj/test/tiny_obj_loader.h:158
	lib/fast_obj/test/tiny_obj_loader.h:473
	lib/fast_obj/test/tiny_obj_loader.h:492
	lib/fast_obj/test/tiny_obj_loader.h:740
	lib/fast_obj/test/tiny_obj_loader.h:750
	lib/fast_obj/test/tiny_obj_loader.h:758
	lib/fast_obj/test/tiny_obj_loader.h:806
	lib/fast_obj/test/tiny_obj_loader.h:828
	lib/fast_obj/test/tiny_obj_loader.h:829
	lib/fast_obj/test/tiny_obj_loader.h:929
	lib/fast_obj/test/tiny_obj_loader.h:1011
	lib/fast_obj/test/tiny_obj_loader.h:1073
	lib/fast_obj/test/tiny_obj_loader.h:1079
	lib/fast_obj/test/tiny_obj_loader.h:1093
	lib/fast_obj/test/tiny_obj_loader.h:1102
	lib/fast_obj/test/tiny_obj_loader.h:1114
	lib/fast_obj/test/tiny_obj_loader.h:1159
	lib/fast_obj/test/tiny_obj_loader.h:1234
	lib/fast_obj/test/tiny_obj_loader.h:1245
	lib/fast_obj/test/tiny_obj_loader.h:1264
	lib/fast_obj/test/tiny_obj_loader.h:1265
	lib/fast_obj/test/tiny_obj_loader.h:1266
	lib/fast_obj/test/tiny_obj_loader.h:1267
	lib/fast_obj/test/tiny_obj_loader.h:1269
	lib/fast_obj/test/tiny_obj_loader.h:1270
	lib/fast_obj/test/tiny_obj_loader.h:1271
	lib/fast_obj/test/tiny_obj_loader.h:1272
	lib/fast_obj/test/tiny_obj_loader.h:1273
	lib/fast_obj/test/tiny_obj_loader.h:1274
	lib/fast_obj/test/tiny_obj_loader.h:1275
	lib/fast_obj/test/tiny_obj_loader.h:1277
	lib/fast_obj/test/tiny_obj_loader.h:1336
	lib/fast_obj/test/tiny_obj_loader.h:1478
	lib/fast_obj/test/tiny_obj_loader.h:1648
	lib/fast_obj/test/tiny_obj_loader.h:1649
	lib/fast_obj/test/tiny_obj_loader.h:1700
	lib/fast_obj/test/tiny_obj_loader.h:1701
	lib/fast_obj/test/tiny_obj_loader.h:2034
	lib/fast_obj/test/tiny_obj_loader.h:2054
	lib/fast_obj/test/tiny_obj_loader.h:2080
	lib/fast_obj/test/tiny_obj_loader.h:2220
	lib/fast_obj/test/tiny_obj_loader.h:2252
	lib/fast_obj/test/tiny_obj_loader.h:2287
	lib/fast_obj/test/tiny_obj_loader.h:2352
	lib/fast_obj/test/tiny_obj_loader.h:2580
	lib/fast_obj/test/tiny_obj_loader.h:2750
	lib/fast_obj/test/test.cpp:52
	lib/VulkanMemoryAllocator/include/vk_mem_alloc.h:3567
	lib/VulkanMemoryAllocator/include/vk_mem_alloc.h:3568
	lib/VulkanMemoryAllocator/include/vk_mem_alloc.h:4068
	lib/VulkanMemoryAllocator/include/vk_mem_alloc.h:4084
	lib/VulkanMemoryAllocator/include/vk_mem_alloc.h:4114
	lib/VulkanMemoryAllocator/include/vk_mem_alloc.h:4189
	lib/VulkanMemoryAllocator/include/vk_mem_alloc.h:4195
	lib/VulkanMemoryAllocator/include/vk_mem_alloc.h:4261
	lib/VulkanMemoryAllocator/include/vk_mem_alloc.h:4502
	lib/VulkanMemoryAllocator/include/vk_mem_alloc.h:4730
	lib/VulkanMemoryAllocator/include/vk_mem_alloc.h:4951
	lib/VulkanMemoryAllocator/include/vk_mem_alloc.h:4952
	lib/VulkanMemoryAllocator/include/vk_mem_alloc.h:6015
	lib/VulkanMemoryAllocator/include/vk_mem_alloc.h:6021
	lib/VulkanMemoryAllocator/include/vk_mem_alloc.h:6048
	lib/VulkanMemoryAllocator/include/vk_mem_alloc.h:6073
	lib/VulkanMemoryAllocator/include/vk_mem_alloc.h:6081
	lib/VulkanMemoryAllocator/include/vk_mem_alloc.h:6093
	lib/VulkanMemoryAllocator/include/vk_mem_alloc.h:6118
	lib/VulkanMemoryAllocator/include/vk_mem_alloc.h:6227
	lib/VulkanMemoryAllocator/include/vk_mem_alloc.h:6233
	lib/VulkanMemoryAllocator/include/vk_mem_alloc.h:6240
	lib/VulkanMemoryAllocator/include/vk_mem_alloc.h:6247
	lib/VulkanMemoryAllocator/include/vk_mem_alloc.h:6254
	lib/VulkanMemoryAllocator/include/vk_mem_alloc.h:6374
	lib/VulkanMemoryAllocator/include/vk_mem_alloc.h:6419
	lib/VulkanMemoryAllocator/include/vk_mem_alloc.h:6517
	lib/VulkanMemoryAllocator/include/vk_mem_alloc.h:6522
	lib/VulkanMemoryAllocator/include/vk_mem_alloc.h:6522
	lib/VulkanMemoryAllocator/include/vk_mem_alloc.h:6530
	lib/VulkanMemoryAllocator/include/vk_mem_alloc.h:6579
	lib/VulkanMemoryAllocator/include/vk_mem_alloc.h:6842
	lib/VulkanMemoryAllocator/include/vk_mem_alloc.h:7004
	lib/VulkanMemoryAllocator/include/vk_mem_alloc.h:7029
	lib/VulkanMemoryAllocator/include/vk_mem_alloc.h:7329
	lib/VulkanMemoryAllocator/include/vk_mem_alloc.h:7353
	lib/VulkanMemoryAllocator/include/vk_mem_alloc.h:8437
	lib/VulkanMemoryAllocator/include/vk_mem_alloc.h:8886
	lib/VulkanMemoryAllocator/include/vk_mem_alloc.h:8925
	lib/VulkanMemoryAllocator/include/vk_mem_alloc.h:8967
	lib/VulkanMemoryAllocator/include/vk_mem_alloc.h:9008
	lib/VulkanMemoryAllocator/include/vk_mem_alloc.h:9027
	lib/VulkanMemoryAllocator/include/vk_mem_alloc.h:9045
	lib/VulkanMemoryAllocator/include/vk_mem_alloc.h:9051
	lib/VulkanMemoryAllocator/include/vk_mem_alloc.h:9060
	lib/VulkanMemoryAllocator/include/vk_mem_alloc.h:9074
	lib/VulkanMemoryAllocator/include/vk_mem_alloc.h:9086
	lib/VulkanMemoryAllocator/include/vk_mem_alloc.h:9125
	lib/VulkanMemoryAllocator/include/vk_mem_alloc.h:9143
	lib/VulkanMemoryAllocator/include/vk_mem_alloc.h:9373
	lib/VulkanMemoryAllocator/include/vk_mem_alloc.h:9502
	lib/VulkanMemoryAllocator/include/vk_mem_alloc.h:9603
	lib/VulkanMemoryAllocator/include/vk_mem_alloc.h:9643
	lib/VulkanMemoryAllocator/include/vk_mem_alloc.h:9854
	lib/VulkanMemoryAllocator/include/vk_mem_alloc.h:10050
	lib/VulkanMemoryAllocator/include/vk_mem_alloc.h:10055
	lib/VulkanMemoryAllocator/include/vk_mem_alloc.h:10982
	lib/VulkanMemoryAllocator/include/vk_mem_alloc.h:11011
	lib/VulkanMemoryAllocator/include/vk_mem_alloc.h:11015
	lib/VulkanMemoryAllocator/include/vk_mem_alloc.h:11020
	lib/VulkanMemoryAllocator/include/vk_mem_alloc.h:11039
	lib/VulkanMemoryAllocator/include/vk_mem_alloc.h:11060
	lib/VulkanMemoryAllocator/include/vk_mem_alloc.h:11147
	lib/VulkanMemoryAllocator/include/vk_mem_alloc.h:11675
	lib/VulkanMemoryAllocator/include/vk_mem_alloc.h:11936
	lib/VulkanMemoryAllocator/include/vk_mem_alloc.h:12220
	lib/VulkanMemoryAllocator/include/vk_mem_alloc.h:12289
	lib/VulkanMemoryAllocator/include/vk_mem_alloc.h:12303
	lib/VulkanMemoryAllocator/include/vk_mem_alloc.h:12457
	lib/VulkanMemoryAllocator/include/vk_mem_alloc.h:12493
	lib/VulkanMemoryAllocator/include/vk_mem_alloc.h:12583
	lib/VulkanMemoryAllocator/include/vk_mem_alloc.h:12635
	lib/VulkanMemoryAllocator/include/vk_mem_alloc.h:12711
	lib/VulkanMemoryAllocator/include/vk_mem_alloc.h:12745
	lib/VulkanMemoryAllocator/include/vk_mem_alloc.h:12769
	lib/VulkanMemoryAllocator/include/vk_mem_alloc.h:12795
	lib/VulkanMemoryAllocator/include/vk_mem_alloc.h:12832
	lib/VulkanMemoryAllocator/include/vk_mem_alloc.h:12894
	lib/VulkanMemoryAllocator/include/vk_mem_alloc.h:12926
	lib/VulkanMemoryAllocator/include/vk_mem_alloc.h:12928
	lib/VulkanMemoryAllocator/include/vk_mem_alloc.h:12974
	lib/VulkanMemoryAllocator/include/vk_mem_alloc.h:12999
	lib/VulkanMemoryAllocator/include/vk_mem_alloc.h:13014
	lib/VulkanMemoryAllocator/include/vk_mem_alloc.h:13015
	lib/VulkanMemoryAllocator/include/vk_mem_alloc.h:13016
	lib/VulkanMemoryAllocator/include/vk_mem_alloc.h:13020
	lib/VulkanMemoryAllocator/include/vk_mem_alloc.h:13124
	lib/VulkanMemoryAllocator/include/vk_mem_alloc.h:13125
	lib/VulkanMemoryAllocator/include/vk_mem_alloc.h:13150
	lib/VulkanMemoryAllocator/include/vk_mem_alloc.h:13189
	lib/VulkanMemoryAllocator/include/vk_mem_alloc.h:13248
	lib/VulkanMemoryAllocator/include/vk_mem_alloc.h:13337
	lib/VulkanMemoryAllocator/include/vk_mem_alloc.h:13338
	lib/VulkanMemoryAllocator/include/vk_mem_alloc.h:13518
	lib/VulkanMemoryAllocator/include/vk_mem_alloc.h:13929
	lib/VulkanMemoryAllocator/include/vk_mem_alloc.h:14066
	lib/VulkanMemoryAllocator/include/vk_mem_alloc.h:14234
	lib/VulkanMemoryAllocator/include/vk_mem_alloc.h:14235
	lib/VulkanMemoryAllocator/include/vk_mem_alloc.h:14266
	lib/VulkanMemoryAllocator/include/vk_mem_alloc.h:14267
	lib/VulkanMemoryAllocator/include/vk_mem_alloc.h:14454
	lib/VulkanMemoryAllocator/include/vk_mem_alloc.h:14455
	lib/VulkanMemoryAllocator/include/vk_mem_alloc.h:14536
	lib/VulkanMemoryAllocator/include/vk_mem_alloc.h:14537
	lib/VulkanMemoryAllocator/include/vk_mem_alloc.h:15498
	lib/VulkanMemoryAllocator/include/vk_mem_alloc.h:15627
	lib/VulkanMemoryAllocator/include/vk_mem_alloc.h:16290
	lib/VulkanMemoryAllocator/include/vk_mem_alloc.h:16291
	lib/VulkanMemoryAllocator/include/vk_mem_alloc.h:16326
	lib/VulkanMemoryAllocator/include/vk_mem_alloc.h:16365
	lib/VulkanMemoryAllocator/include/vk_mem_alloc.h:16366
	lib/VulkanMemoryAllocator/include/vk_mem_alloc.h:16401
	lib/VulkanMemoryAllocator/include/vk_mem_alloc.h:16402
	lib/VulkanMemoryAllocator/include/vk_mem_alloc.h:16442
	lib/VulkanMemoryAllocator/include/vk_mem_alloc.h:16443
	lib/VulkanMemoryAllocator/build/install/include/vk_mem_alloc.h:3567
	lib/VulkanMemoryAllocator/build/install/include/vk_mem_alloc.h:3568
	lib/VulkanMemoryAllocator/build/install/include/vk_mem_alloc.h:4068
	lib/VulkanMemoryAllocator/build/install/include/vk_mem_alloc.h:4084
	lib/VulkanMemoryAllocator/build/install/include/vk_mem_alloc.h:4114
	lib/VulkanMemoryAllocator/build/install/include/vk_mem_alloc.h:4189
	lib/VulkanMemoryAllocator/build/install/include/vk_mem_alloc.h:4195
	lib/VulkanMemoryAllocator/build/install/include/vk_mem_alloc.h:4261
	lib/VulkanMemoryAllocator/build/install/include/vk_mem_alloc.h:4502
	lib/VulkanMemoryAllocator/build/install/include/vk_mem_alloc.h:4730
	lib/VulkanMemoryAllocator/build/install/include/vk_mem_alloc.h:4951
	lib/VulkanMemoryAllocator/build/install/include/vk_mem_alloc.h:4952
	lib/VulkanMemoryAllocator/build/install/include/vk_mem_alloc.h:6015
	lib/VulkanMemoryAllocator/build/install/include/vk_mem_alloc.h:6021
	lib/VulkanMemoryAllocator/build/install/include/vk_mem_alloc.h:6048
	lib/VulkanMemoryAllocator/build/install/include/vk_mem_alloc.h:6073
	lib/VulkanMemoryAllocator/build/install/include/vk_mem_alloc.h:6081
	lib/VulkanMemoryAllocator/build/install/include/vk_mem_alloc.h:6093
	lib/VulkanMemoryAllocator/build/install/include/vk_mem_alloc.h:6118
	lib/VulkanMemoryAllocator/build/install/include/vk_mem_alloc.h:6227
	lib/VulkanMemoryAllocator/build/install/include/vk_mem_alloc.h:6233
	lib/VulkanMemoryAllocator/build/install/include/vk_mem_alloc.h:6240
	lib/VulkanMemoryAllocator/build/install/include/vk_mem_alloc.h:6247
	lib/VulkanMemoryAllocator/build/install/include/vk_mem_alloc.h:6254
	lib/VulkanMemoryAllocator/build/install/include/vk_mem_alloc.h:6374
	lib/VulkanMemoryAllocator/build/install/include/vk_mem_alloc.h:6419
	lib/VulkanMemoryAllocator/build/install/include/vk_mem_alloc.h:6517
	lib/VulkanMemoryAllocator/build/install/include/vk_mem_alloc.h:6522
	lib/VulkanMemoryAllocator/build/install/include/vk_mem_alloc.h:6522
	lib/VulkanMemoryAllocator/build/install/include/vk_mem_alloc.h:6530
	lib/VulkanMemoryAllocator/build/install/include/vk_mem_alloc.h:6579
	lib/VulkanMemoryAllocator/build/install/include/vk_mem_alloc.h:6842
	lib/VulkanMemoryAllocator/build/install/include/vk_mem_alloc.h:7004
	lib/VulkanMemoryAllocator/build/install/include/vk_mem_alloc.h:7029
	lib/VulkanMemoryAllocator/build/install/include/vk_mem_alloc.h:7329
	lib/VulkanMemoryAllocator/build/install/include/vk_mem_alloc.h:7353
	lib/VulkanMemoryAllocator/build/install/include/vk_mem_alloc.h:8437
	lib/VulkanMemoryAllocator/build/install/include/vk_mem_alloc.h:8886
	lib/VulkanMemoryAllocator/build/install/include/vk_mem_alloc.h:8925
	lib/VulkanMemoryAllocator/build/install/include/vk_mem_alloc.h:8967
	lib/VulkanMemoryAllocator/build/install/include/vk_mem_alloc.h:9008
	lib/VulkanMemoryAllocator/build/install/include/vk_mem_alloc.h:9027
	lib/VulkanMemoryAllocator/build/install/include/vk_mem_alloc.h:9045
	lib/VulkanMemoryAllocator/build/install/include/vk_mem_alloc.h:9051
	lib/VulkanMemoryAllocator/build/install/include/vk_mem_alloc.h:9060
	lib/VulkanMemoryAllocator/build/install/include/vk_mem_alloc.h:9074
	lib/VulkanMemoryAllocator/build/install/include/vk_mem_alloc.h:9086
	lib/VulkanMemoryAllocator/build/install/include/vk_mem_alloc.h:9125
	lib/VulkanMemoryAllocator/build/install/include/vk_mem_alloc.h:9143
	lib/VulkanMemoryAllocator/build/install/include/vk_mem_alloc.h:9373
	lib/VulkanMemoryAllocator/build/install/include/vk_mem_alloc.h:9502
	lib/VulkanMemoryAllocator/build/install/include/vk_mem_alloc.h:9603
	lib/VulkanMemoryAllocator/build/install/include/vk_mem_alloc.h:9643
	lib/VulkanMemoryAllocator/build/install/include/vk_mem_alloc.h:9854
	lib/VulkanMemoryAllocator/build/install/include/vk_mem_alloc.h:10050
	lib/VulkanMemoryAllocator/build/install/include/vk_mem_alloc.h:10055
	lib/VulkanMemoryAllocator/build/install/include/vk_mem_alloc.h:10982
	lib/VulkanMemoryAllocator/build/install/include/vk_mem_alloc.h:11011
	lib/VulkanMemoryAllocator/build/install/include/vk_mem_alloc.h:11015
	lib/VulkanMemoryAllocator/build/install/include/vk_mem_alloc.h:11020
	lib/VulkanMemoryAllocator/build/install/include/vk_mem_alloc.h:11039
	lib/VulkanMemoryAllocator/build/install/include/vk_mem_alloc.h:11060
	lib/VulkanMemoryAllocator/build/install/include/vk_mem_alloc.h:11147
	lib/VulkanMemoryAllocator/build/install/include/vk_mem_alloc.h:11675
	lib/VulkanMemoryAllocator/build/install/include/vk_mem_alloc.h:11936
	lib/VulkanMemoryAllocator/build/install/include/vk_mem_alloc.h:12220
	lib/VulkanMemoryAllocator/build/install/include/vk_mem_alloc.h:12289
	lib/VulkanMemoryAllocator/build/install/include/vk_mem_alloc.h:12303
	lib/VulkanMemoryAllocator/build/install/include/vk_mem_alloc.h:12457
	lib/VulkanMemoryAllocator/build/install/include/vk_mem_alloc.h:12493
	lib/VulkanMemoryAllocator/build/install/include/vk_mem_alloc.h:12583
	lib/VulkanMemoryAllocator/build/install/include/vk_mem_alloc.h:12635
	lib/VulkanMemoryAllocator/build/install/include/vk_mem_alloc.h:12711
	lib/VulkanMemoryAllocator/build/install/include/vk_mem_alloc.h:12745
	lib/VulkanMemoryAllocator/build/install/include/vk_mem_alloc.h:12769
	lib/VulkanMemoryAllocator/build/install/include/vk_mem_alloc.h:12795
	lib/VulkanMemoryAllocator/build/install/include/vk_mem_alloc.h:12832
	lib/VulkanMemoryAllocator/build/install/include/vk_mem_alloc.h:12894
	lib/VulkanMemoryAllocator/build/install/include/vk_mem_alloc.h:12926
	lib/VulkanMemoryAllocator/build/install/include/vk_mem_alloc.h:12928
	lib/VulkanMemoryAllocator/build/install/include/vk_mem_alloc.h:12974
	lib/VulkanMemoryAllocator/build/install/include/vk_mem_alloc.h:12999
	lib/VulkanMemoryAllocator/build/install/include/vk_mem_alloc.h:13014
	lib/VulkanMemoryAllocator/build/install/include/vk_mem_alloc.h:13015
	lib/VulkanMemoryAllocator/build/install/include/vk_mem_alloc.h:13016
	lib/VulkanMemoryAllocator/build/install/include/vk_mem_alloc.h:13020
	lib/VulkanMemoryAllocator/build/install/include/vk_mem_alloc.h:13124
	lib/VulkanMemoryAllocator/build/install/include/vk_mem_alloc.h:13125
	lib/VulkanMemoryAllocator/build/install/include/vk_mem_alloc.h:13150
	lib/VulkanMemoryAllocator/build/install/include/vk_mem_alloc.h:13189
	lib/VulkanMemoryAllocator/build/install/include/vk_mem_alloc.h:13248
	lib/VulkanMemoryAllocator/build/install/include/vk_mem_alloc.h:13337
	lib/VulkanMemoryAllocator/build/install/include/vk_mem_alloc.h:13338
	lib/VulkanMemoryAllocator/build/install/include/vk_mem_alloc.h:13518
	lib/VulkanMemoryAllocator/build/install/include/vk_mem_alloc.h:13929
	lib/VulkanMemoryAllocator/build/install/include/vk_mem_alloc.h:14066
	lib/VulkanMemoryAllocator/build/install/include/vk_mem_alloc.h:14234
	lib/VulkanMemoryAllocator/build/install/include/vk_mem_alloc.h:14235
	lib/VulkanMemoryAllocator/build/install/include/vk_mem_alloc.h:14266
	lib/VulkanMemoryAllocator/build/install/include/vk_mem_alloc.h:14267
	lib/VulkanMemoryAllocator/build/install/include/vk_mem_alloc.h:14454
	lib/VulkanMemoryAllocator/build/install/include/vk_mem_alloc.h:14455
	lib/VulkanMemoryAllocator/build/install/include/vk_mem_alloc.h:14536
	lib/VulkanMemoryAllocator/build/install/include/vk_mem_alloc.h:14537
	lib/VulkanMemoryAllocator/build/install/include/vk_mem_alloc.h:15498
	lib/VulkanMemoryAllocator/build/install/include/vk_mem_alloc.h:15627
	lib/VulkanMemoryAllocator/build/install/include/vk_mem_alloc.h:16290
	lib/VulkanMemoryAllocator/build/install/include/vk_mem_alloc.h:16291
	lib/VulkanMemoryAllocator/build/install/include/vk_mem_alloc.h:16326
	lib/VulkanMemoryAllocator/build/install/include/vk_mem_alloc.h:16365
	lib/VulkanMemoryAllocator/build/install/include/vk_mem_alloc.h:16366
	lib/VulkanMemoryAllocator/build/install/include/vk_mem_alloc.h:16401
	lib/VulkanMemoryAllocator/build/install/include/vk_mem_alloc.h:16402
	lib/VulkanMemoryAllocator/build/install/include/vk_mem_alloc.h:16442
	lib/VulkanMemoryAllocator/build/install/include/vk_mem_alloc.h:16443
	lib/VulkanMemoryAllocator/src/VulkanSample.cpp:62
	lib/VulkanMemoryAllocator/src/VulkanSample.cpp:63
	lib/VulkanMemoryAllocator/src/VulkanSample.cpp:64
	lib/VulkanMemoryAllocator/src/VulkanSample.cpp:65
	lib/VulkanMemoryAllocator/src/VulkanSample.cpp:66
	lib/VulkanMemoryAllocator/src/VulkanSample.cpp:67
	lib/VulkanMemoryAllocator/src/VulkanSample.cpp:68
	lib/VulkanMemoryAllocator/src/VulkanSample.cpp:69
	lib/VulkanMemoryAllocator/src/VulkanSample.cpp:70
	lib/VulkanMemoryAllocator/src/VulkanSample.cpp:71
	lib/VulkanMemoryAllocator/src/VulkanSample.cpp:72
	lib/VulkanMemoryAllocator/src/VulkanSample.cpp:73
	lib/VulkanMemoryAllocator/src/VulkanSample.cpp:223
	lib/VulkanMemoryAllocator/src/VulkanSample.cpp:224
	lib/VulkanMemoryAllocator/src/VulkanSample.cpp:225
	lib/VulkanMemoryAllocator/src/VulkanSample.cpp:226
	lib/VulkanMemoryAllocator/src/VulkanSample.cpp:260
	lib/VulkanMemoryAllocator/src/VulkanSample.cpp:302
	lib/VulkanMemoryAllocator/src/VulkanSample.cpp:443
	lib/VulkanMemoryAllocator/src/VulkanSample.cpp:446
	lib/VulkanMemoryAllocator/src/VulkanSample.cpp:1743
	lib/VulkanMemoryAllocator/src/VulkanSample.cpp:1894
	lib/VulkanMemoryAllocator/src/VulkanSample.cpp:2009
	lib/VulkanMemoryAllocator/src/VulkanSample.cpp:2011
	lib/VulkanMemoryAllocator/src/VulkanSample.cpp:2013
	lib/VulkanMemoryAllocator/src/VulkanSample.cpp:2439
	lib/VulkanMemoryAllocator/src/Common.cpp:220
	lib/VulkanMemoryAllocator/src/Common.cpp:229
	lib/VulkanMemoryAllocator/src/Common.cpp:251
	lib/VulkanMemoryAllocator/src/Common.cpp:260
	lib/VulkanMemoryAllocator/src/Tests.cpp:206
	lib/VulkanMemoryAllocator/src/Tests.cpp:214
	lib/VulkanMemoryAllocator/src/Tests.cpp:583
	lib/VulkanMemoryAllocator/src/Tests.cpp:824
	lib/VulkanMemoryAllocator/src/Tests.cpp:836
	lib/VulkanMemoryAllocator/src/Tests.cpp:906
	lib/VulkanMemoryAllocator/src/Tests.cpp:930
	lib/VulkanMemoryAllocator/src/Tests.cpp:937
	lib/VulkanMemoryAllocator/src/Tests.cpp:945
	lib/VulkanMemoryAllocator/src/Tests.cpp:960
	lib/VulkanMemoryAllocator/src/Tests.cpp:1006
	lib/VulkanMemoryAllocator/src/Tests.cpp:1090
	lib/VulkanMemoryAllocator/src/Tests.cpp:1106
	lib/VulkanMemoryAllocator/src/Tests.cpp:1122
	lib/VulkanMemoryAllocator/src/Tests.cpp:1180
	lib/VulkanMemoryAllocator/src/Tests.cpp:1381
	lib/VulkanMemoryAllocator/src/Tests.cpp:1444
	lib/VulkanMemoryAllocator/src/Tests.cpp:2063
	lib/VulkanMemoryAllocator/src/Tests.cpp:2350
	lib/VulkanMemoryAllocator/src/Tests.cpp:2359
	lib/VulkanMemoryAllocator/src/Tests.cpp:2572
	lib/VulkanMemoryAllocator/src/Tests.cpp:2675
	lib/VulkanMemoryAllocator/src/Tests.cpp:2845
	lib/VulkanMemoryAllocator/src/Tests.cpp:5393
	lib/VulkanMemoryAllocator/src/Tests.cpp:8492
	lib/VulkanMemoryAllocator/src/Tests.cpp:8848
	lib/VulkanMemoryAllocator/src/Common.h:57
	lib/VulkanMemoryAllocator/src/Common.h:61
	lib/stb/stb_image.h:477
	lib/stb/stb_image.h:1165
	lib/stb/stb_image.h:1515
	lib/stb/stb_image.h:5163
	src/engine/widget/widget_renderer.c:764
	src/engine/widget/widget_renderer.c:812
	src/engine/widget/widget_renderer.c:1176
	src/engine/widget/widget_renderer.c:1222
	src/engine/widget/widget_renderer.c:1236
	src/engine/gfx/gfx.c:565
	src/engine/gfx/gfx.c:758
	src/engine/gfx/gfx.c:770
	src/engine/gfx/gfx.c:944
	src/engine/gfx/gfx.c:971
	src/engine/gfx/gfx.c:992
	src/engine/gfx/vk_device.c:26
	src/engine/gfx/vk_device.c:65
	src/engine/gfx/vk_device.c:86
	src/engine/gfx/vk_device.c:93
	src/engine/gfx/vk_device.c:186
	src/engine/gfx/vk_instance.c:24
	src/engine/gfx/vk_instance.c:66
	src/engine/mem/mem.c:195
	src/engine/text/text_block.c:288
	src/engine/text/text_block.c:315
	src/engine/text/text_block.c:316
	src/engine/text/text_geometry.c:170
	src/engine/text/text_engine.c:295
	src/engine/text/text_engine.c:302
	src/game/input.c:103
	src/game/voxel/voxel_renderer.c:1745
	src/game/voxel/voxel_renderer.c:1746
	src/game/voxel/voxel_renderer.c:1926
	src/game/voxel/voxel_renderer.c:2043
	src/game/softbody/softbody.c:514
	src/game/softbody/softbody.c:515
	src/game/softbody/softbody.c:828
	lib/glfw/examples/particles.c:86
	lib/glfw/tests/triangle-vulkan.c:279
	lib/glfw/tests/triangle-vulkan.c:665
	lib/glfw/tests/triangle-vulkan.c:1987
	lib/glfw/tests/triangle-vulkan.c:1991
	lib/glfw/tests/triangle-vulkan.c:1995
	lib/glfw/tests/window.c:64
	lib/glfw/tests/window.c:87
	lib/glfw/tests/window.c:276
	lib/glfw/tests/window.c:284
	lib/glfw/tests/window.c:295
	lib/glfw/tests/window.c:311
	lib/glfw/tests/window.c:319
	lib/glfw/tests/window.c:330
	lib/glfw/tests/window.c:336
	lib/glfw/tests/window.c:344
	lib/glfw/tests/window.c:355
	lib/glfw/tests/glfwinfo.c:314
	lib/glfw/tests/glfwinfo.c:382
	lib/glfw/tests/glfwinfo.c:495
	lib/glfw/tests/glfwinfo.c:499
	lib/glfw/tests/glfwinfo.c:507
	lib/glfw/tests/glfwinfo.c:510
	lib/glfw/tests/glfwinfo.c:621
	lib/glfw/tests/glfwinfo.c:624
	lib/glfw/tests/glfwinfo.c:630
	lib/glfw/tests/glfwinfo.c:652
	lib/glfw/tests/glfwinfo.c:655
	lib/glfw/tests/glfwinfo.c:966
	lib/glfw/tests/glfwinfo.c:1038
	lib/glfw/tests/timeout.c:45
	lib/glfw/tests/timeout.c:58
	lib/glfw/tests/timeout.c:64
	lib/glfw/tests/timeout.c:117
	lib/glfw/tests/empty.c:71
	lib/glfw/tests/empty.c:98
	lib/glfw/tests/empty.c:108
	lib/glfw/tests/empty.c:114
	lib/glfw/src/x11_window.c:2137
	lib/glfw/src/vulkan.c:62
	lib/glfw/src/vulkan.c:166
	lib/glfw/src/vulkan.c:168
	lib/glfw/src/vulkan.c:170
	lib/glfw/src/vulkan.c:172
	lib/glfw/src/vulkan.c:174
	lib/glfw/src/vulkan.c:176
	lib/glfw/src/vulkan.c:178
	lib/glfw/src/vulkan.c:180
	lib/glfw/src/cocoa_window.m:1664
	lib/glfw/src/linux_joystick.c:319
	lib/glfw/src/egl_context.c:678
	lib/glfw/src/glx_context.c:368
	lib/glfw/src/glx_context.c:377
	lib/glfw/src/glx_context.c:386
	lib/glfw/src/glx_context.c:390
	lib/glfw/src/glx_context.c:393
	lib/glfw/src/glx_context.c:396
	lib/glfw/src/glx_context.c:404
	lib/glfw/src/glx_context.c:408
	lib/glfw/src/glx_context.c:411
	lib/glfw/src/glx_context.c:414
	lib/glfw/src/glx_context.c:417
	lib/glfw/src/glx_context.c:420
	lib/glfw/src/window.c:268
	lib/glfw/src/window.c:269
	lib/glfw/src/window.c:270
	lib/glfw/src/window.c:271
	lib/glfw/src/window.c:272
	lib/glfw/src/window.c:273
	lib/glfw/src/window.c:274
	lib/glfw/src/window.c:277
	lib/glfw/src/window.c:288
	lib/glfw/src/wgl_context.c:204
	lib/glfw/src/wgl_context.c:659
	lib/glfw/src/init.c:52
	lib/glfw/src/init.c:58
	lib/glfw/src/init.c:59
	lib/glfw/src/init.c:63
	lib/glfw/src/cocoa_init.m:59
	lib/glfw/deps/stb_image_write.h:744
	lib/fast_obj/test/tiny_obj_loader.h:484
	lib/fast_obj/test/tiny_obj_loader.h:484
	lib/fast_obj/test/tiny_obj_loader.h:553
	lib/fast_obj/test/tiny_obj_loader.h:565
	lib/fast_obj/test/tiny_obj_loader.h:566
	lib/fast_obj/test/tiny_obj_loader.h:571
	lib/fast_obj/test/tiny_obj_loader.h:581
	lib/fast_obj/test/tiny_obj_loader.h:586
	lib/fast_obj/test/tiny_obj_loader.h:587
	lib/fast_obj/test/tiny_obj_loader.h:707
	lib/fast_obj/test/tiny_obj_loader.h:745
	lib/fast_obj/test/tiny_obj_loader.h:755
	lib/fast_obj/test/tiny_obj_loader.h:793
	lib/fast_obj/test/tiny_obj_loader.h:841
	lib/fast_obj/test/tiny_obj_loader.h:846
	lib/fast_obj/test/tiny_obj_loader.h:927
	lib/fast_obj/test/tiny_obj_loader.h:1003
	lib/fast_obj/test/tiny_obj_loader.h:1009
	lib/fast_obj/test/tiny_obj_loader.h:1085
	lib/fast_obj/test/tiny_obj_loader.h:1097
	lib/fast_obj/test/tiny_obj_loader.h:1108
	lib/fast_obj/test/tiny_obj_loader.h:1120
	lib/fast_obj/test/tiny_obj_loader.h:1168
	lib/fast_obj/test/tiny_obj_loader.h:1171
	lib/fast_obj/test/tiny_obj_loader.h:1174
	lib/fast_obj/test/tiny_obj_loader.h:1226
	lib/fast_obj/test/tiny_obj_loader.h:1232
	lib/fast_obj/test/tiny_obj_loader.h:1246
	lib/fast_obj/test/tiny_obj_loader.h:1247
	lib/fast_obj/test/tiny_obj_loader.h:1268
	lib/fast_obj/test/tiny_obj_loader.h:1277
	lib/fast_obj/test/tiny_obj_loader.h:1497
	lib/fast_obj/test/tiny_obj_loader.h:1623
	lib/fast_obj/test/tiny_obj_loader.h:1801
	lib/fast_obj/test/tiny_obj_loader.h:1818
	lib/fast_obj/test/tiny_obj_loader.h:2039
	lib/fast_obj/test/tiny_obj_loader.h:2059
	lib/fast_obj/test/tiny_obj_loader.h:2127
	lib/fast_obj/test/tiny_obj_loader.h:2367
	lib/fast_obj/test/tiny_obj_loader.h:2601
	lib/fast_obj/test/tiny_obj_loader.h:2766
	lib/fast_obj/test/tiny_obj_loader.h:2880
	lib/VulkanMemoryAllocator/include/vk_mem_alloc.h:4070
	lib/VulkanMemoryAllocator/include/vk_mem_alloc.h:4087
	lib/VulkanMemoryAllocator/include/vk_mem_alloc.h:4118
	lib/VulkanMemoryAllocator/include/vk_mem_alloc.h:4199
	lib/VulkanMemoryAllocator/include/vk_mem_alloc.h:4365
	lib/VulkanMemoryAllocator/include/vk_mem_alloc.h:4500
	lib/VulkanMemoryAllocator/include/vk_mem_alloc.h:4575
	lib/VulkanMemoryAllocator/include/vk_mem_alloc.h:6013
	lib/VulkanMemoryAllocator/include/vk_mem_alloc.h:6048
	lib/VulkanMemoryAllocator/include/vk_mem_alloc.h:6107
	lib/VulkanMemoryAllocator/include/vk_mem_alloc.h:6132
	lib/VulkanMemoryAllocator/include/vk_mem_alloc.h:6149
	lib/VulkanMemoryAllocator/include/vk_mem_alloc.h:6151
	lib/VulkanMemoryAllocator/include/vk_mem_alloc.h:6356
	lib/VulkanMemoryAllocator/include/vk_mem_alloc.h:6368
	lib/VulkanMemoryAllocator/include/vk_mem_alloc.h:6400
	lib/VulkanMemoryAllocator/include/vk_mem_alloc.h:6413
	lib/VulkanMemoryAllocator/include/vk_mem_alloc.h:6829
	lib/VulkanMemoryAllocator/include/vk_mem_alloc.h:6858
	lib/VulkanMemoryAllocator/include/vk_mem_alloc.h:6896
	lib/VulkanMemoryAllocator/include/vk_mem_alloc.h:7009
	lib/VulkanMemoryAllocator/include/vk_mem_alloc.h:7028
	lib/VulkanMemoryAllocator/include/vk_mem_alloc.h:7143
	lib/VulkanMemoryAllocator/include/vk_mem_alloc.h:7171
	lib/VulkanMemoryAllocator/include/vk_mem_alloc.h:7337
	lib/VulkanMemoryAllocator/include/vk_mem_alloc.h:7342
	lib/VulkanMemoryAllocator/include/vk_mem_alloc.h:7350
	lib/VulkanMemoryAllocator/include/vk_mem_alloc.h:7409
	lib/VulkanMemoryAllocator/include/vk_mem_alloc.h:7422
	lib/VulkanMemoryAllocator/include/vk_mem_alloc.h:7428
	lib/VulkanMemoryAllocator/include/vk_mem_alloc.h:7440
	lib/VulkanMemoryAllocator/include/vk_mem_alloc.h:7812
	lib/VulkanMemoryAllocator/include/vk_mem_alloc.h:8894
	lib/VulkanMemoryAllocator/include/vk_mem_alloc.h:8940
	lib/VulkanMemoryAllocator/include/vk_mem_alloc.h:8975
	lib/VulkanMemoryAllocator/include/vk_mem_alloc.h:9023
	lib/VulkanMemoryAllocator/include/vk_mem_alloc.h:9094
	lib/VulkanMemoryAllocator/include/vk_mem_alloc.h:9140
	lib/VulkanMemoryAllocator/include/vk_mem_alloc.h:9377
	lib/VulkanMemoryAllocator/include/vk_mem_alloc.h:9419
	lib/VulkanMemoryAllocator/include/vk_mem_alloc.h:9531
	lib/VulkanMemoryAllocator/include/vk_mem_alloc.h:9535
	lib/VulkanMemoryAllocator/include/vk_mem_alloc.h:9541
	lib/VulkanMemoryAllocator/include/vk_mem_alloc.h:9550
	lib/VulkanMemoryAllocator/include/vk_mem_alloc.h:9561
	lib/VulkanMemoryAllocator/include/vk_mem_alloc.h:9567
	lib/VulkanMemoryAllocator/include/vk_mem_alloc.h:9574
	lib/VulkanMemoryAllocator/include/vk_mem_alloc.h:9595
	lib/VulkanMemoryAllocator/include/vk_mem_alloc.h:9600
	lib/VulkanMemoryAllocator/include/vk_mem_alloc.h:9612
	lib/VulkanMemoryAllocator/include/vk_mem_alloc.h:9618
	lib/VulkanMemoryAllocator/include/vk_mem_alloc.h:9625
	lib/VulkanMemoryAllocator/include/vk_mem_alloc.h:9637
	lib/VulkanMemoryAllocator/include/vk_mem_alloc.h:10077
	lib/VulkanMemoryAllocator/include/vk_mem_alloc.h:10165
	lib/VulkanMemoryAllocator/include/vk_mem_alloc.h:10479
	lib/VulkanMemoryAllocator/include/vk_mem_alloc.h:10482
	lib/VulkanMemoryAllocator/include/vk_mem_alloc.h:10486
	lib/VulkanMemoryAllocator/include/vk_mem_alloc.h:11121
	lib/VulkanMemoryAllocator/include/vk_mem_alloc.h:12217
	lib/VulkanMemoryAllocator/include/vk_mem_alloc.h:12334
	lib/VulkanMemoryAllocator/include/vk_mem_alloc.h:12344
	lib/VulkanMemoryAllocator/include/vk_mem_alloc.h:12411
	lib/VulkanMemoryAllocator/include/vk_mem_alloc.h:12452
	lib/VulkanMemoryAllocator/include/vk_mem_alloc.h:12488
	lib/VulkanMemoryAllocator/include/vk_mem_alloc.h:12608
	lib/VulkanMemoryAllocator/include/vk_mem_alloc.h:12654
	lib/VulkanMemoryAllocator/include/vk_mem_alloc.h:12661
	lib/VulkanMemoryAllocator/include/vk_mem_alloc.h:12709
	lib/VulkanMemoryAllocator/include/vk_mem_alloc.h:12731
	lib/VulkanMemoryAllocator/include/vk_mem_alloc.h:12763
	lib/VulkanMemoryAllocator/include/vk_mem_alloc.h:12790
	lib/VulkanMemoryAllocator/include/vk_mem_alloc.h:12820
	lib/VulkanMemoryAllocator/include/vk_mem_alloc.h:12829
	lib/VulkanMemoryAllocator/include/vk_mem_alloc.h:12867
	lib/VulkanMemoryAllocator/include/vk_mem_alloc.h:12877
	lib/VulkanMemoryAllocator/include/vk_mem_alloc.h:12912
	lib/VulkanMemoryAllocator/include/vk_mem_alloc.h:12954
	lib/VulkanMemoryAllocator/include/vk_mem_alloc.h:12964
	lib/VulkanMemoryAllocator/include/vk_mem_alloc.h:12992
	lib/VulkanMemoryAllocator/include/vk_mem_alloc.h:13047
	lib/VulkanMemoryAllocator/include/vk_mem_alloc.h:13060
	lib/VulkanMemoryAllocator/include/vk_mem_alloc.h:13072
	lib/VulkanMemoryAllocator/include/vk_mem_alloc.h:13183
	lib/VulkanMemoryAllocator/include/vk_mem_alloc.h:13236
	lib/VulkanMemoryAllocator/include/vk_mem_alloc.h:13252
	lib/VulkanMemoryAllocator/include/vk_mem_alloc.h:13254
	lib/VulkanMemoryAllocator/include/vk_mem_alloc.h:13256
	lib/VulkanMemoryAllocator/include/vk_mem_alloc.h:13921
	lib/VulkanMemoryAllocator/include/vk_mem_alloc.h:14058
	lib/VulkanMemoryAllocator/include/vk_mem_alloc.h:14593
	lib/VulkanMemoryAllocator/include/vk_mem_alloc.h:14608
	lib/VulkanMemoryAllocator/include/vk_mem_alloc.h:15496
	lib/VulkanMemoryAllocator/include/vk_mem_alloc.h:15614
	lib/VulkanMemoryAllocator/include/vk_mem_alloc.h:15933
	lib/VulkanMemoryAllocator/include/vk_mem_alloc.h:15982
	lib/VulkanMemoryAllocator/include/vk_mem_alloc.h:16325
	lib/VulkanMemoryAllocator/build/install/include/vk_mem_alloc.h:4070
	lib/VulkanMemoryAllocator/build/install/include/vk_mem_alloc.h:4087
	lib/VulkanMemoryAllocator/build/install/include/vk_mem_alloc.h:4118
	lib/VulkanMemoryAllocator/build/install/include/vk_mem_alloc.h:4199
	lib/VulkanMemoryAllocator/build/install/include/vk_mem_alloc.h:4365
	lib/VulkanMemoryAllocator/build/install/include/vk_mem_alloc.h:4500
	lib/VulkanMemoryAllocator/build/install/include/vk_mem_alloc.h:4575
	lib/VulkanMemoryAllocator/build/install/include/vk_mem_alloc.h:6013
	lib/VulkanMemoryAllocator/build/install/include/vk_mem_alloc.h:6048
	lib/VulkanMemoryAllocator/build/install/include/vk_mem_alloc.h:6107
	lib/VulkanMemoryAllocator/build/install/include/vk_mem_alloc.h:6132
	lib/VulkanMemoryAllocator/build/install/include/vk_mem_alloc.h:6149
	lib/VulkanMemoryAllocator/build/install/include/vk_mem_alloc.h:6151
	lib/VulkanMemoryAllocator/build/install/include/vk_mem_alloc.h:6356
	lib/VulkanMemoryAllocator/build/install/include/vk_mem_alloc.h:6368
	lib/VulkanMemoryAllocator/build/install/include/vk_mem_alloc.h:6400
	lib/VulkanMemoryAllocator/build/install/include/vk_mem_alloc.h:6413
	lib/VulkanMemoryAllocator/build/install/include/vk_mem_alloc.h:6829
	lib/VulkanMemoryAllocator/build/install/include/vk_mem_alloc.h:6858
	lib/VulkanMemoryAllocator/build/install/include/vk_mem_alloc.h:6896
	lib/VulkanMemoryAllocator/build/install/include/vk_mem_alloc.h:7009
	lib/VulkanMemoryAllocator/build/install/include/vk_mem_alloc.h:7028
	lib/VulkanMemoryAllocator/build/install/include/vk_mem_alloc.h:7143
	lib/VulkanMemoryAllocator/build/install/include/vk_mem_alloc.h:7171
	lib/VulkanMemoryAllocator/build/install/include/vk_mem_alloc.h:7337
	lib/VulkanMemoryAllocator/build/install/include/vk_mem_alloc.h:7342
	lib/VulkanMemoryAllocator/build/install/include/vk_mem_alloc.h:7350
	lib/VulkanMemoryAllocator/build/install/include/vk_mem_alloc.h:7409
	lib/VulkanMemoryAllocator/build/install/include/vk_mem_alloc.h:7422
	lib/VulkanMemoryAllocator/build/install/include/vk_mem_alloc.h:7428
	lib/VulkanMemoryAllocator/build/install/include/vk_mem_alloc.h:7440
	lib/VulkanMemoryAllocator/build/install/include/vk_mem_alloc.h:7812
	lib/VulkanMemoryAllocator/build/install/include/vk_mem_alloc.h:8894
	lib/VulkanMemoryAllocator/build/install/include/vk_mem_alloc.h:8940
	lib/VulkanMemoryAllocator/build/install/include/vk_mem_alloc.h:8975
	lib/VulkanMemoryAllocator/build/install/include/vk_mem_alloc.h:9023
	lib/VulkanMemoryAllocator/build/install/include/vk_mem_alloc.h:9094
	lib/VulkanMemoryAllocator/build/install/include/vk_mem_alloc.h:9140
	lib/VulkanMemoryAllocator/build/install/include/vk_mem_alloc.h:9377
	lib/VulkanMemoryAllocator/build/install/include/vk_mem_alloc.h:9419
	lib/VulkanMemoryAllocator/build/install/include/vk_mem_alloc.h:9531
	lib/VulkanMemoryAllocator/build/install/include/vk_mem_alloc.h:9535
	lib/VulkanMemoryAllocator/build/install/include/vk_mem_alloc.h:9541
	lib/VulkanMemoryAllocator/build/install/include/vk_mem_alloc.h:9550
	lib/VulkanMemoryAllocator/build/install/include/vk_mem_alloc.h:9561
	lib/VulkanMemoryAllocator/build/install/include/vk_mem_alloc.h:9567
	lib/VulkanMemoryAllocator/build/install/include/vk_mem_alloc.h:9574
	lib/VulkanMemoryAllocator/build/install/include/vk_mem_alloc.h:9595
	lib/VulkanMemoryAllocator/build/install/include/vk_mem_alloc.h:9600
	lib/VulkanMemoryAllocator/build/install/include/vk_mem_alloc.h:9612
	lib/VulkanMemoryAllocator/build/install/include/vk_mem_alloc.h:9618
	lib/VulkanMemoryAllocator/build/install/include/vk_mem_alloc.h:9625
	lib/VulkanMemoryAllocator/build/install/include/vk_mem_alloc.h:9637
	lib/VulkanMemoryAllocator/build/install/include/vk_mem_alloc.h:10077
	lib/VulkanMemoryAllocator/build/install/include/vk_mem_alloc.h:10165
	lib/VulkanMemoryAllocator/build/install/include/vk_mem_alloc.h:10479
	lib/VulkanMemoryAllocator/build/install/include/vk_mem_alloc.h:10482
	lib/VulkanMemoryAllocator/build/install/include/vk_mem_alloc.h:10486
	lib/VulkanMemoryAllocator/build/install/include/vk_mem_alloc.h:11121
	lib/VulkanMemoryAllocator/build/install/include/vk_mem_alloc.h:12217
	lib/VulkanMemoryAllocator/build/install/include/vk_mem_alloc.h:12334
	lib/VulkanMemoryAllocator/build/install/include/vk_mem_alloc.h:12344
	lib/VulkanMemoryAllocator/build/install/include/vk_mem_alloc.h:12411
	lib/VulkanMemoryAllocator/build/install/include/vk_mem_alloc.h:12452
	lib/VulkanMemoryAllocator/build/install/include/vk_mem_alloc.h:12488
	lib/VulkanMemoryAllocator/build/install/include/vk_mem_alloc.h:12608
	lib/VulkanMemoryAllocator/build/install/include/vk_mem_alloc.h:12654
	lib/VulkanMemoryAllocator/build/install/include/vk_mem_alloc.h:12661
	lib/VulkanMemoryAllocator/build/install/include/vk_mem_alloc.h:12709
	lib/VulkanMemoryAllocator/build/install/include/vk_mem_alloc.h:12731
	lib/VulkanMemoryAllocator/build/install/include/vk_mem_alloc.h:12763
	lib/VulkanMemoryAllocator/build/install/include/vk_mem_alloc.h:12790
	lib/VulkanMemoryAllocator/build/install/include/vk_mem_alloc.h:12820
	lib/VulkanMemoryAllocator/build/install/include/vk_mem_alloc.h:12829
	lib/VulkanMemoryAllocator/build/install/include/vk_mem_alloc.h:12867
	lib/VulkanMemoryAllocator/build/install/include/vk_mem_alloc.h:12877
	lib/VulkanMemoryAllocator/build/install/include/vk_mem_alloc.h:12912
	lib/VulkanMemoryAllocator/build/install/include/vk_mem_alloc.h:12954
	lib/VulkanMemoryAllocator/build/install/include/vk_mem_alloc.h:12964
	lib/VulkanMemoryAllocator/build/install/include/vk_mem_alloc.h:12992
	lib/VulkanMemoryAllocator/build/install/include/vk_mem_alloc.h:13047
	lib/VulkanMemoryAllocator/build/install/include/vk_mem_alloc.h:13060
	lib/VulkanMemoryAllocator/build/install/include/vk_mem_alloc.h:13072
	lib/VulkanMemoryAllocator/build/install/include/vk_mem_alloc.h:13183
	lib/VulkanMemoryAllocator/build/install/include/vk_mem_alloc.h:13236
	lib/VulkanMemoryAllocator/build/install/include/vk_mem_alloc.h:13252
	lib/VulkanMemoryAllocator/build/install/include/vk_mem_alloc.h:13254
	lib/VulkanMemoryAllocator/build/install/include/vk_mem_alloc.h:13256
	lib/VulkanMemoryAllocator/build/install/include/vk_mem_alloc.h:13921
	lib/VulkanMemoryAllocator/build/install/include/vk_mem_alloc.h:14058
	lib/VulkanMemoryAllocator/build/install/include/vk_mem_alloc.h:14593
	lib/VulkanMemoryAllocator/build/install/include/vk_mem_alloc.h:14608
	lib/VulkanMemoryAllocator/build/install/include/vk_mem_alloc.h:15496
	lib/VulkanMemoryAllocator/build/install/include/vk_mem_alloc.h:15614
	lib/VulkanMemoryAllocator/build/install/include/vk_mem_alloc.h:15933
	lib/VulkanMemoryAllocator/build/install/include/vk_mem_alloc.h:15982
	lib/VulkanMemoryAllocator/build/install/include/vk_mem_alloc.h:16325
	lib/VulkanMemoryAllocator/src/VulkanSample.cpp:42
	lib/VulkanMemoryAllocator/src/VulkanSample.cpp:45
	lib/VulkanMemoryAllocator/src/VulkanSample.cpp:61
	lib/VulkanMemoryAllocator/src/VulkanSample.cpp:235
	lib/VulkanMemoryAllocator/src/VulkanSample.cpp:239
	lib/VulkanMemoryAllocator/src/VulkanSample.cpp:253
	lib/VulkanMemoryAllocator/src/VulkanSample.cpp:257
	lib/VulkanMemoryAllocator/src/VulkanSample.cpp:262
	lib/VulkanMemoryAllocator/src/VulkanSample.cpp:475
	lib/VulkanMemoryAllocator/src/VulkanSample.cpp:481
	lib/VulkanMemoryAllocator/src/VulkanSample.cpp:1749
	lib/VulkanMemoryAllocator/src/VulkanSample.cpp:1902
	lib/VulkanMemoryAllocator/src/VulkanSample.cpp:1909
	lib/VulkanMemoryAllocator/src/VulkanSample.cpp:1916
	lib/VulkanMemoryAllocator/src/VulkanSample.cpp:1920
	lib/VulkanMemoryAllocator/src/VulkanSample.cpp:1922
	lib/VulkanMemoryAllocator/src/VulkanSample.cpp:1927
	lib/VulkanMemoryAllocator/src/VulkanSample.cpp:1931
	lib/VulkanMemoryAllocator/src/VulkanSample.cpp:1933
	lib/VulkanMemoryAllocator/src/VulkanSample.cpp:1939
	lib/VulkanMemoryAllocator/src/VulkanSample.cpp:2320
	lib/VulkanMemoryAllocator/src/VulkanSample.cpp:2416
	lib/VulkanMemoryAllocator/src/VulkanSample.cpp:2425
	lib/VulkanMemoryAllocator/src/SparseBindingTest.cpp:41
	lib/VulkanMemoryAllocator/src/Common.cpp:212
	lib/VulkanMemoryAllocator/src/Common.cpp:233
	lib/VulkanMemoryAllocator/src/Common.cpp:241
	lib/VulkanMemoryAllocator/src/Common.cpp:264
	lib/VulkanMemoryAllocator/src/Tests.cpp:205
	lib/VulkanMemoryAllocator/src/Tests.cpp:213
	lib/VulkanMemoryAllocator/src/Tests.cpp:583
	lib/VulkanMemoryAllocator/src/Tests.cpp:740
	lib/VulkanMemoryAllocator/src/Tests.cpp:763
	lib/VulkanMemoryAllocator/src/Tests.cpp:869
	lib/VulkanMemoryAllocator/src/Tests.cpp:872
	lib/VulkanMemoryAllocator/src/Tests.cpp:880
	lib/VulkanMemoryAllocator/src/Tests.cpp:902
	lib/VulkanMemoryAllocator/src/Tests.cpp:911
	lib/VulkanMemoryAllocator/src/Tests.cpp:982
	lib/VulkanMemoryAllocator/src/Tests.cpp:1028
	lib/VulkanMemoryAllocator/src/Tests.cpp:1117
	lib/VulkanMemoryAllocator/src/Tests.cpp:1143
	lib/VulkanMemoryAllocator/src/Tests.cpp:1175
	lib/VulkanMemoryAllocator/src/Tests.cpp:1286
	lib/VulkanMemoryAllocator/src/Tests.cpp:1373
	lib/VulkanMemoryAllocator/src/Tests.cpp:1533
	lib/VulkanMemoryAllocator/src/Tests.cpp:5396
	lib/VulkanMemoryAllocator/src/Tests.cpp:5943
	lib/VulkanMemoryAllocator/src/Tests.cpp:8594
	lib/VulkanMemoryAllocator/src/Tests.cpp:8663
	lib/VulkanMemoryAllocator/src/Tests.cpp:8757
	lib/stb/stb_image.h:270
	lib/stb/stb_image.h:1632
autoscan: warning: missing AC_C_INLINE wanted by: 
	build/lib/glfw/src/relative-pointer-unstable-v1-client-protocol.h:133
	build/lib/glfw/src/relative-pointer-unstable-v1-client-protocol.h:140
	build/lib/glfw/src/relative-pointer-unstable-v1-client-protocol.h:146
	build/lib/glfw/src/relative-pointer-unstable-v1-client-protocol.h:158
	build/lib/glfw/src/relative-pointer-unstable-v1-client-protocol.h:171
	build/lib/glfw/src/relative-pointer-unstable-v1-client-protocol.h:243
	build/lib/glfw/src/relative-pointer-unstable-v1-client-protocol.h:264
	build/lib/glfw/src/relative-pointer-unstable-v1-client-protocol.h:271
	build/lib/glfw/src/relative-pointer-unstable-v1-client-protocol.h:277
	build/lib/glfw/src/relative-pointer-unstable-v1-client-protocol.h:286
	build/lib/glfw/src/fractional-scale-v1-client-protocol.h:132
	build/lib/glfw/src/fractional-scale-v1-client-protocol.h:139
	build/lib/glfw/src/fractional-scale-v1-client-protocol.h:145
	build/lib/glfw/src/fractional-scale-v1-client-protocol.h:158
	build/lib/glfw/src/fractional-scale-v1-client-protocol.h:173
	build/lib/glfw/src/fractional-scale-v1-client-protocol.h:207
	build/lib/glfw/src/fractional-scale-v1-client-protocol.h:228
	build/lib/glfw/src/fractional-scale-v1-client-protocol.h:235
	build/lib/glfw/src/fractional-scale-v1-client-protocol.h:241
	build/lib/glfw/src/fractional-scale-v1-client-protocol.h:253
	build/lib/glfw/src/wayland-client-protocol.h:981
	build/lib/glfw/src/wayland-client-protocol.h:1011
	build/lib/glfw/src/wayland-client-protocol.h:1018
	build/lib/glfw/src/wayland-client-protocol.h:1024
	build/lib/glfw/src/wayland-client-protocol.h:1045
	build/lib/glfw/src/wayland-client-protocol.h:1069
	build/lib/glfw/src/wayland-client-protocol.h:1125
	build/lib/glfw/src/wayland-client-protocol.h:1150
	build/lib/glfw/src/wayland-client-protocol.h:1157
	build/lib/glfw/src/wayland-client-protocol.h:1163
	build/lib/glfw/src/wayland-client-protocol.h:1170
	build/lib/glfw/src/wayland-client-protocol.h:1182
	build/lib/glfw/src/wayland-client-protocol.h:1212
	build/lib/glfw/src/wayland-client-protocol.h:1227
	build/lib/glfw/src/wayland-client-protocol.h:1234
	build/lib/glfw/src/wayland-client-protocol.h:1240
	build/lib/glfw/src/wayland-client-protocol.h:1247
	build/lib/glfw/src/wayland-client-protocol.h:1267
	build/lib/glfw/src/wayland-client-protocol.h:1274
	build/lib/glfw/src/wayland-client-protocol.h:1280
	build/lib/glfw/src/wayland-client-protocol.h:1287
	build/lib/glfw/src/wayland-client-protocol.h:1298
	build/lib/glfw/src/wayland-client-protocol.h:1314
	build/lib/glfw/src/wayland-client-protocol.h:1344
	build/lib/glfw/src/wayland-client-protocol.h:1351
	build/lib/glfw/src/wayland-client-protocol.h:1357
	build/lib/glfw/src/wayland-client-protocol.h:1378
	build/lib/glfw/src/wayland-client-protocol.h:1398
	build/lib/glfw/src/wayland-client-protocol.h:1419
	build/lib/glfw/src/wayland-client-protocol.h:1889
	build/lib/glfw/src/wayland-client-protocol.h:1910
	build/lib/glfw/src/wayland-client-protocol.h:1917
	build/lib/glfw/src/wayland-client-protocol.h:1923
	build/lib/glfw/src/wayland-client-protocol.h:1930
	build/lib/glfw/src/wayland-client-protocol.h:1945
	build/lib/glfw/src/wayland-client-protocol.h:1984
	build/lib/glfw/src/wayland-client-protocol.h:2005
	build/lib/glfw/src/wayland-client-protocol.h:2012
	build/lib/glfw/src/wayland-client-protocol.h:2018
	build/lib/glfw/src/wayland-client-protocol.h:2032
	build/lib/glfw/src/wayland-client-protocol.h:2140
	build/lib/glfw/src/wayland-client-protocol.h:2189
	build/lib/glfw/src/wayland-client-protocol.h:2196
	build/lib/glfw/src/wayland-client-protocol.h:2202
	build/lib/glfw/src/wayland-client-protocol.h:2226
	build/lib/glfw/src/wayland-client-protocol.h:2252
	build/lib/glfw/src/wayland-client-protocol.h:2264
	build/lib/glfw/src/wayland-client-protocol.h:2289
	build/lib/glfw/src/wayland-client-protocol.h:2331
	build/lib/glfw/src/wayland-client-protocol.h:2479
	build/lib/glfw/src/wayland-client-protocol.h:2530
	build/lib/glfw/src/wayland-client-protocol.h:2537
	build/lib/glfw/src/wayland-client-protocol.h:2543
	build/lib/glfw/src/wayland-client-protocol.h:2556
	build/lib/glfw/src/wayland-client-protocol.h:2568
	build/lib/glfw/src/wayland-client-protocol.h:2592
	build/lib/glfw/src/wayland-client-protocol.h:2718
	build/lib/glfw/src/wayland-client-protocol.h:2769
	build/lib/glfw/src/wayland-client-protocol.h:2776
	build/lib/glfw/src/wayland-client-protocol.h:2782
	build/lib/glfw/src/wayland-client-protocol.h:2789
	build/lib/glfw/src/wayland-client-protocol.h:2824
	build/lib/glfw/src/wayland-client-protocol.h:2839
	build/lib/glfw/src/wayland-client-protocol.h:2851
	build/lib/glfw/src/wayland-client-protocol.h:2922
	build/lib/glfw/src/wayland-client-protocol.h:2929
	build/lib/glfw/src/wayland-client-protocol.h:2935
	build/lib/glfw/src/wayland-client-protocol.h:2942
	build/lib/glfw/src/wayland-client-protocol.h:2953
	build/lib/glfw/src/wayland-client-protocol.h:2969
	build/lib/glfw/src/wayland-client-protocol.h:2999
	build/lib/glfw/src/wayland-client-protocol.h:3006
	build/lib/glfw/src/wayland-client-protocol.h:3012
	build/lib/glfw/src/wayland-client-protocol.h:3019
	build/lib/glfw/src/wayland-client-protocol.h:3034
	build/lib/glfw/src/wayland-client-protocol.h:3201
	build/lib/glfw/src/wayland-client-protocol.h:3275
	build/lib/glfw/src/wayland-client-protocol.h:3282
	build/lib/glfw/src/wayland-client-protocol.h:3288
	build/lib/glfw/src/wayland-client-protocol.h:3295
	build/lib/glfw/src/wayland-client-protocol.h:3307
	build/lib/glfw/src/wayland-client-protocol.h:3323
	build/lib/glfw/src/wayland-client-protocol.h:3339
	build/lib/glfw/src/wayland-client-protocol.h:3353
	build/lib/glfw/src/wayland-client-protocol.h:3371
	build/lib/glfw/src/wayland-client-protocol.h:3415
	build/lib/glfw/src/wayland-client-protocol.h:3445
	build/lib/glfw/src/wayland-client-protocol.h:3474
	build/lib/glfw/src/wayland-client-protocol.h:3492
	build/lib/glfw/src/wayland-client-protocol.h:3509
	build/lib/glfw/src/wayland-client-protocol.h:3623
	build/lib/glfw/src/wayland-client-protocol.h:3706
	build/lib/glfw/src/wayland-client-protocol.h:3713
	build/lib/glfw/src/wayland-client-protocol.h:3719
	build/lib/glfw/src/wayland-client-protocol.h:3730
	build/lib/glfw/src/wayland-client-protocol.h:3798
	build/lib/glfw/src/wayland-client-protocol.h:3830
	build/lib/glfw/src/wayland-client-protocol.h:3873
	build/lib/glfw/src/wayland-client-protocol.h:3912
	build/lib/glfw/src/wayland-client-protocol.h:3945
	build/lib/glfw/src/wayland-client-protocol.h:3973
	build/lib/glfw/src/wayland-client-protocol.h:4013
	build/lib/glfw/src/wayland-client-protocol.h:4047
	build/lib/glfw/src/wayland-client-protocol.h:4090
	build/lib/glfw/src/wayland-client-protocol.h:4113
	build/lib/glfw/src/wayland-client-protocol.h:4232
	build/lib/glfw/src/wayland-client-protocol.h:4272
	build/lib/glfw/src/wayland-client-protocol.h:4279
	build/lib/glfw/src/wayland-client-protocol.h:4285
	build/lib/glfw/src/wayland-client-protocol.h:4292
	build/lib/glfw/src/wayland-client-protocol.h:4310
	build/lib/glfw/src/wayland-client-protocol.h:4333
	build/lib/glfw/src/wayland-client-protocol.h:4356
	build/lib/glfw/src/wayland-client-protocol.h:4373
	build/lib/glfw/src/wayland-client-protocol.h:4835
	build/lib/glfw/src/wayland-client-protocol.h:4901
	build/lib/glfw/src/wayland-client-protocol.h:4908
	build/lib/glfw/src/wayland-client-protocol.h:4914
	build/lib/glfw/src/wayland-client-protocol.h:4921
	build/lib/glfw/src/wayland-client-protocol.h:4964
	build/lib/glfw/src/wayland-client-protocol.h:4980
	build/lib/glfw/src/wayland-client-protocol.h:5156
	build/lib/glfw/src/wayland-client-protocol.h:5197
	build/lib/glfw/src/wayland-client-protocol.h:5204
	build/lib/glfw/src/wayland-client-protocol.h:5210
	build/lib/glfw/src/wayland-client-protocol.h:5217
	build/lib/glfw/src/wayland-client-protocol.h:5226
	build/lib/glfw/src/wayland-client-protocol.h:5394
	build/lib/glfw/src/wayland-client-protocol.h:5439
	build/lib/glfw/src/wayland-client-protocol.h:5446
	build/lib/glfw/src/wayland-client-protocol.h:5452
	build/lib/glfw/src/wayland-client-protocol.h:5459
	build/lib/glfw/src/wayland-client-protocol.h:5468
	build/lib/glfw/src/wayland-client-protocol.h:5785
	build/lib/glfw/src/wayland-client-protocol.h:5826
	build/lib/glfw/src/wayland-client-protocol.h:5833
	build/lib/glfw/src/wayland-client-protocol.h:5839
	build/lib/glfw/src/wayland-client-protocol.h:5846
	build/lib/glfw/src/wayland-client-protocol.h:5858
	build/lib/glfw/src/wayland-client-protocol.h:5884
	build/lib/glfw/src/wayland-client-protocol.h:5891
	build/lib/glfw/src/wayland-client-protocol.h:5897
	build/lib/glfw/src/wayland-client-protocol.h:5908
	build/lib/glfw/src/wayland-client-protocol.h:5920
	build/lib/glfw/src/wayland-client-protocol.h:5932
	build/lib/glfw/src/wayland-client-protocol.h:5967
	build/lib/glfw/src/wayland-client-protocol.h:5974
	build/lib/glfw/src/wayland-client-protocol.h:5980
	build/lib/glfw/src/wayland-client-protocol.h:5993
	build/lib/glfw/src/wayland-client-protocol.h:6023
	build/lib/glfw/src/wayland-client-protocol.h:6078
	build/lib/glfw/src/wayland-client-protocol.h:6085
	build/lib/glfw/src/wayland-client-protocol.h:6091
	build/lib/glfw/src/wayland-client-protocol.h:6105
	build/lib/glfw/src/wayland-client-protocol.h:6132
	build/lib/glfw/src/wayland-client-protocol.h:6158
	build/lib/glfw/src/wayland-client-protocol.h:6171
	build/lib/glfw/src/wayland-client-protocol.h:6195
	build/lib/glfw/src/wayland-client-protocol.h:6225
	build/lib/glfw/src/idle-inhibit-unstable-v1-client-protocol.h:141
	build/lib/glfw/src/idle-inhibit-unstable-v1-client-protocol.h:148
	build/lib/glfw/src/idle-inhibit-unstable-v1-client-protocol.h:154
	build/lib/glfw/src/idle-inhibit-unstable-v1-client-protocol.h:165
	build/lib/glfw/src/idle-inhibit-unstable-v1-client-protocol.h:177
	build/lib/glfw/src/idle-inhibit-unstable-v1-client-protocol.h:197
	build/lib/glfw/src/idle-inhibit-unstable-v1-client-protocol.h:204
	build/lib/glfw/src/idle-inhibit-unstable-v1-client-protocol.h:210
	build/lib/glfw/src/idle-inhibit-unstable-v1-client-protocol.h:221
	build/lib/glfw/src/viewporter-client-protocol.h:225
	build/lib/glfw/src/viewporter-client-protocol.h:232
	build/lib/glfw/src/viewporter-client-protocol.h:238
	build/lib/glfw/src/viewporter-client-protocol.h:251
	build/lib/glfw/src/viewporter-client-protocol.h:266
	build/lib/glfw/src/viewporter-client-protocol.h:318
	build/lib/glfw/src/viewporter-client-protocol.h:325
	build/lib/glfw/src/viewporter-client-protocol.h:331
	build/lib/glfw/src/viewporter-client-protocol.h:343
	build/lib/glfw/src/viewporter-client-protocol.h:365
	build/lib/glfw/src/viewporter-client-protocol.h:387
	build/lib/glfw/src/xdg-activation-v1-client-protocol.h:165
	build/lib/glfw/src/xdg-activation-v1-client-protocol.h:172
	build/lib/glfw/src/xdg-activation-v1-client-protocol.h:178
	build/lib/glfw/src/xdg-activation-v1-client-protocol.h:193
	build/lib/glfw/src/xdg-activation-v1-client-protocol.h:207
	build/lib/glfw/src/xdg-activation-v1-client-protocol.h:232
	build/lib/glfw/src/xdg-activation-v1-client-protocol.h:269
	build/lib/glfw/src/xdg-activation-v1-client-protocol.h:310
	build/lib/glfw/src/xdg-activation-v1-client-protocol.h:317
	build/lib/glfw/src/xdg-activation-v1-client-protocol.h:323
	build/lib/glfw/src/xdg-activation-v1-client-protocol.h:345
	build/lib/glfw/src/xdg-activation-v1-client-protocol.h:360
	build/lib/glfw/src/xdg-activation-v1-client-protocol.h:378
	build/lib/glfw/src/xdg-activation-v1-client-protocol.h:391
	build/lib/glfw/src/xdg-activation-v1-client-protocol.h:404
	build/lib/glfw/src/xdg-shell-client-protocol.h:427
	build/lib/glfw/src/xdg-shell-client-protocol.h:463
	build/lib/glfw/src/xdg-shell-client-protocol.h:470
	build/lib/glfw/src/xdg-shell-client-protocol.h:476
	build/lib/glfw/src/xdg-shell-client-protocol.h:491
	build/lib/glfw/src/xdg-shell-client-protocol.h:505
	build/lib/glfw/src/xdg-shell-client-protocol.h:533
	build/lib/glfw/src/xdg-shell-client-protocol.h:551
	build/lib/glfw/src/xdg-shell-client-protocol.h:760
	build/lib/glfw/src/xdg-shell-client-protocol.h:767
	build/lib/glfw/src/xdg-shell-client-protocol.h:773
	build/lib/glfw/src/xdg-shell-client-protocol.h:784
	build/lib/glfw/src/xdg-shell-client-protocol.h:800
	build/lib/glfw/src/xdg-shell-client-protocol.h:821
	build/lib/glfw/src/xdg-shell-client-protocol.h:838
	build/lib/glfw/src/xdg-shell-client-protocol.h:856
	build/lib/glfw/src/xdg-shell-client-protocol.h:880
	build/lib/glfw/src/xdg-shell-client-protocol.h:902
	build/lib/glfw/src/xdg-shell-client-protocol.h:919
	build/lib/glfw/src/xdg-shell-client-protocol.h:937
	build/lib/glfw/src/xdg-shell-client-protocol.h:952
	build/lib/glfw/src/xdg-shell-client-protocol.h:1026
	build/lib/glfw/src/xdg-shell-client-protocol.h:1067
	build/lib/glfw/src/xdg-shell-client-protocol.h:1074
	build/lib/glfw/src/xdg-shell-client-protocol.h:1080
	build/lib/glfw/src/xdg-shell-client-protocol.h:1093
	build/lib/glfw/src/xdg-shell-client-protocol.h:1109
	build/lib/glfw/src/xdg-shell-client-protocol.h:1132
	build/lib/glfw/src/xdg-shell-client-protocol.h:1185
	build/lib/glfw/src/xdg-shell-client-protocol.h:1228
	build/lib/glfw/src/xdg-shell-client-protocol.h:1527
	build/lib/glfw/src/xdg-shell-client-protocol.h:1625
	build/lib/glfw/src/xdg-shell-client-protocol.h:1632
	build/lib/glfw/src/xdg-shell-client-protocol.h:1638
	build/lib/glfw/src/xdg-shell-client-protocol.h:1650
	build/lib/glfw/src/xdg-shell-client-protocol.h:1681
	build/lib/glfw/src/xdg-shell-client-protocol.h:1699
	build/lib/glfw/src/xdg-shell-client-protocol.h:1733
	build/lib/glfw/src/xdg-shell-client-protocol.h:1756
	build/lib/glfw/src/xdg-shell-client-protocol.h:1783
	build/lib/glfw/src/xdg-shell-client-protocol.h:1825
	build/lib/glfw/src/xdg-shell-client-protocol.h:1870
	build/lib/glfw/src/xdg-shell-client-protocol.h:1915
	build/lib/glfw/src/xdg-shell-client-protocol.h:1945
	build/lib/glfw/src/xdg-shell-client-protocol.h:1977
	build/lib/glfw/src/xdg-shell-client-protocol.h:2011
	build/lib/glfw/src/xdg-shell-client-protocol.h:2039
	build/lib/glfw/src/xdg-shell-client-protocol.h:2058
	build/lib/glfw/src/xdg-shell-client-protocol.h:2147
	build/lib/glfw/src/xdg-shell-client-protocol.h:2186
	build/lib/glfw/src/xdg-shell-client-protocol.h:2193
	build/lib/glfw/src/xdg-shell-client-protocol.h:2199
	build/lib/glfw/src/xdg-shell-client-protocol.h:2214
	build/lib/glfw/src/xdg-shell-client-protocol.h:2262
	build/lib/glfw/src/xdg-shell-client-protocol.h:2296
	build/lib/glfw/src/xdg-decoration-unstable-v1-client-protocol.h:149
	build/lib/glfw/src/xdg-decoration-unstable-v1-client-protocol.h:156
	build/lib/glfw/src/xdg-decoration-unstable-v1-client-protocol.h:162
	build/lib/glfw/src/xdg-decoration-unstable-v1-client-protocol.h:174
	build/lib/glfw/src/xdg-decoration-unstable-v1-client-protocol.h:192
	build/lib/glfw/src/xdg-decoration-unstable-v1-client-protocol.h:267
	build/lib/glfw/src/xdg-decoration-unstable-v1-client-protocol.h:298
	build/lib/glfw/src/xdg-decoration-unstable-v1-client-protocol.h:305
	build/lib/glfw/src/xdg-decoration-unstable-v1-client-protocol.h:311
	build/lib/glfw/src/xdg-decoration-unstable-v1-client-protocol.h:323
	build/lib/glfw/src/xdg-decoration-unstable-v1-client-protocol.h:352
	build/lib/glfw/src/xdg-decoration-unstable-v1-client-protocol.h:367
	build/lib/glfw/src/pointer-constraints-unstable-v1-client-protocol.h:294
	build/lib/glfw/src/pointer-constraints-unstable-v1-client-protocol.h:301
	build/lib/glfw/src/pointer-constraints-unstable-v1-client-protocol.h:307
	build/lib/glfw/src/pointer-constraints-unstable-v1-client-protocol.h:319
	build/lib/glfw/src/pointer-constraints-unstable-v1-client-protocol.h:364
	build/lib/glfw/src/pointer-constraints-unstable-v1-client-protocol.h:396
	build/lib/glfw/src/pointer-constraints-unstable-v1-client-protocol.h:437
	build/lib/glfw/src/pointer-constraints-unstable-v1-client-protocol.h:472
	build/lib/glfw/src/pointer-constraints-unstable-v1-client-protocol.h:479
	build/lib/glfw/src/pointer-constraints-unstable-v1-client-protocol.h:485
	build/lib/glfw/src/pointer-constraints-unstable-v1-client-protocol.h:497
	build/lib/glfw/src/pointer-constraints-unstable-v1-client-protocol.h:519
	build/lib/glfw/src/pointer-constraints-unstable-v1-client-protocol.h:537
	build/lib/glfw/src/pointer-constraints-unstable-v1-client-protocol.h:574
	build/lib/glfw/src/pointer-constraints-unstable-v1-client-protocol.h:604
	build/lib/glfw/src/pointer-constraints-unstable-v1-client-protocol.h:611
	build/lib/glfw/src/pointer-constraints-unstable-v1-client-protocol.h:617
	build/lib/glfw/src/pointer-constraints-unstable-v1-client-protocol.h:629
	build/lib/glfw/src/pointer-constraints-unstable-v1-client-protocol.h:656
	src/engine/array.h:34
	src/engine/array.h:53
	src/engine/array.h:60
	src/engine/array.h:72
	src/engine/array.h:80
	src/engine/array.h:98
	src/engine/array.h:105
	src/engine/array.h:113
	src/engine/array.h:125
	src/engine/array.h:144
	src/engine/array.h:152
	src/engine/array.h:159
	src/engine/m_vec3.h:15
	src/engine/m_vec3.h:24
	src/engine/m_vec3.h:36
	src/engine/m_vec3.h:46
	src/engine/m_vec3.h:55
	src/engine/m_vec3.h:65
	src/engine/m_vec3.h:75
	src/engine/m_vec3.h:89
	src/engine/m_vec3.h:99
	src/engine/m_vec3.h:108
	src/engine/m_vec3.h:118
	src/engine/m_vec3.h:130
	src/engine/m_vec3.h:140
	src/engine/m_vec3.h:149
	src/engine/m_vec3.h:159
	src/engine/m_vec3.h:172
	src/engine/m_vec3.h:182
	src/engine/m_vec3.h:191
	src/engine/m_vec3.h:201
	src/engine/m_vec3.h:214
	src/engine/m_vec3.h:231
	src/engine/m_vec3.h:238
	src/engine/m_vec3.h:245
	src/engine/m_vec3.h:252
	src/engine/m_vec3.h:260
	src/engine/m_vec3.h:266
	src/engine/m_vec3.h:276
	src/engine/m_vec3.h:280
	src/engine/handle/handle.c:39
	src/engine/text/text_block.h:84
	src/game/voxel/voxel_renderer.c:1598
	src/game/voxel/voxel_renderer.c:1854
	src/game/voxel/voxel_renderer.c:1861
	src/game/voxel/voxel_renderer.c:1891
	src/game/softbody/phash.c:31
	src/game/softbody/phash.c:36
	src/game/softbody/phash.c:41
	lib/fast_obj/test/tiny_obj_loader.h:738
	lib/fast_obj/test/tiny_obj_loader.h:761
	lib/fast_obj/test/tiny_obj_loader.h:770
	lib/fast_obj/test/tiny_obj_loader.h:932
	lib/fast_obj/test/tiny_obj_loader.h:942
	lib/fast_obj/test/tiny_obj_loader.h:955
	lib/fast_obj/test/tiny_obj_loader.h:962
	lib/fast_obj/test/tiny_obj_loader.h:971
	lib/fast_obj/test/tiny_obj_loader.h:983
	lib/fast_obj/test/tiny_obj_loader.h:1003
	lib/fast_obj/test/tiny_obj_loader.h:1018
	lib/VulkanMemoryAllocator/include/vk_mem_alloc.h:3363
	lib/VulkanMemoryAllocator/include/vk_mem_alloc.h:3367
	lib/VulkanMemoryAllocator/include/vk_mem_alloc.h:3371
	lib/VulkanMemoryAllocator/include/vk_mem_alloc.h:3722
	lib/VulkanMemoryAllocator/include/vk_mem_alloc.h:3815
	lib/VulkanMemoryAllocator/include/vk_mem_alloc.h:3829
	lib/VulkanMemoryAllocator/include/vk_mem_alloc.h:3855
	lib/VulkanMemoryAllocator/include/vk_mem_alloc.h:3881
	lib/VulkanMemoryAllocator/include/vk_mem_alloc.h:3906
	lib/VulkanMemoryAllocator/include/vk_mem_alloc.h:3937
	lib/VulkanMemoryAllocator/include/vk_mem_alloc.h:3945
	lib/VulkanMemoryAllocator/include/vk_mem_alloc.h:3954
	lib/VulkanMemoryAllocator/include/vk_mem_alloc.h:3962
	lib/VulkanMemoryAllocator/include/vk_mem_alloc.h:3969
	lib/VulkanMemoryAllocator/include/vk_mem_alloc.h:3975
	lib/VulkanMemoryAllocator/include/vk_mem_alloc.h:3987
	lib/VulkanMemoryAllocator/include/vk_mem_alloc.h:4001
	lib/VulkanMemoryAllocator/include/vk_mem_alloc.h:4012
	lib/VulkanMemoryAllocator/include/vk_mem_alloc.h:4024
	lib/VulkanMemoryAllocator/include/vk_mem_alloc.h:4036
	lib/VulkanMemoryAllocator/include/vk_mem_alloc.h:4056
	lib/VulkanMemoryAllocator/include/vk_mem_alloc.h:4203
	lib/VulkanMemoryAllocator/include/vk_mem_alloc.h:4371
	lib/VulkanMemoryAllocator/include/vk_mem_alloc.h:4391
	lib/VulkanMemoryAllocator/include/vk_mem_alloc.h:10928
	lib/VulkanMemoryAllocator/include/vk_mem_alloc.h:10933
	lib/VulkanMemoryAllocator/build/install/include/vk_mem_alloc.h:3363
	lib/VulkanMemoryAllocator/build/install/include/vk_mem_alloc.h:3367
	lib/VulkanMemoryAllocator/build/install/include/vk_mem_alloc.h:3371
	lib/VulkanMemoryAllocator/build/install/include/vk_mem_alloc.h:3722
	lib/VulkanMemoryAllocator/build/install/include/vk_mem_alloc.h:3815
	lib/VulkanMemoryAllocator/build/install/include/vk_mem_alloc.h:3829
	lib/VulkanMemoryAllocator/build/install/include/vk_mem_alloc.h:3855
	lib/VulkanMemoryAllocator/build/install/include/vk_mem_alloc.h:3881
	lib/VulkanMemoryAllocator/build/install/include/vk_mem_alloc.h:3906
	lib/VulkanMemoryAllocator/build/install/include/vk_mem_alloc.h:3937
	lib/VulkanMemoryAllocator/build/install/include/vk_mem_alloc.h:3945
	lib/VulkanMemoryAllocator/build/install/include/vk_mem_alloc.h:3954
	lib/VulkanMemoryAllocator/build/install/include/vk_mem_alloc.h:3962
	lib/VulkanMemoryAllocator/build/install/include/vk_mem_alloc.h:3969
	lib/VulkanMemoryAllocator/build/install/include/vk_mem_alloc.h:3975
	lib/VulkanMemoryAllocator/build/install/include/vk_mem_alloc.h:3987
	lib/VulkanMemoryAllocator/build/install/include/vk_mem_alloc.h:4001
	lib/VulkanMemoryAllocator/build/install/include/vk_mem_alloc.h:4012
	lib/VulkanMemoryAllocator/build/install/include/vk_mem_alloc.h:4024
	lib/VulkanMemoryAllocator/build/install/include/vk_mem_alloc.h:4036
	lib/VulkanMemoryAllocator/build/install/include/vk_mem_alloc.h:4056
	lib/VulkanMemoryAllocator/build/install/include/vk_mem_alloc.h:4203
	lib/VulkanMemoryAllocator/build/install/include/vk_mem_alloc.h:4371
	lib/VulkanMemoryAllocator/build/install/include/vk_mem_alloc.h:4391
	lib/VulkanMemoryAllocator/build/install/include/vk_mem_alloc.h:10928
	lib/VulkanMemoryAllocator/build/install/include/vk_mem_alloc.h:10933
	lib/VulkanMemoryAllocator/src/Tests.cpp:122
	lib/VulkanMemoryAllocator/src/Tests.cpp:129
	lib/VulkanMemoryAllocator/src/Tests.cpp:5936
	lib/VulkanMemoryAllocator/src/Common.h:76
	lib/VulkanMemoryAllocator/src/Common.h:82
	lib/VulkanMemoryAllocator/src/Common.h:87
	lib/VulkanMemoryAllocator/src/Common.h:93
	lib/VulkanMemoryAllocator/src/Common.h:101
	lib/VulkanMemoryAllocator/src/Common.h:107
	lib/VulkanMemoryAllocator/src/Common.h:143
	lib/VulkanMemoryAllocator/src/Common.h:147
	lib/VulkanMemoryAllocator/src/Common.h:307
	lib/VulkanMemoryAllocator/src/Common.h:308
	lib/VulkanMemoryAllocator/src/Common.h:309
	lib/VulkanMemoryAllocator/src/Common.h:310
	lib/VulkanMemoryAllocator/src/Common.h:311
	lib/VulkanMemoryAllocator/src/Common.h:312
autoscan: warning: missing AC_C_RESTRICT wanted by: 
	src/engine/widget/widget_renderer.c:148
	src/engine/widget/widget_renderer.c:204
	src/engine/widget/widget_renderer.c:206
	src/engine/widget/widget_renderer.c:226
	src/engine/widget/widget_renderer.c:255
	src/engine/handle/handle.c:17
	src/engine/handle/handle.c:40
	src/engine/handle/handle.c:58
	src/engine/sphere/sphere_renderer.c:123
	src/engine/sphere/sphere_renderer.c:382
	src/engine/sphere/sphere_renderer.c:424
	src/engine/sphere/sphere_renderer.c:516
	src/engine/sphere/sphere_renderer.c:569
	src/engine/gfx/gfx.c:354
	src/engine/text/text_block.c:115
	src/engine/text/text_block.c:121
	src/engine/text/text_block.c:282
	src/engine/text/text_block.c:337
	src/engine/text/text_block.c:377
	src/engine/text/text_block.c:401
	src/engine/text/text_block.c:402
	src/engine/text/text_block.c:404
	src/engine/text/text_block.c:422
	src/engine/text/text_block.c:423
	src/engine/text/text_block.c:425
	src/engine/text/text_block.c:436
	src/engine/text/text_block.c:437
	src/engine/text/text_block.c:448
	src/engine/text/text_block.c:453
	src/engine/text/text_block.c:460
	src/engine/text/text_renderer.c:56
	src/engine/text/text_renderer.c:268
	src/engine/text/text_renderer.c:270
	src/engine/text/text_renderer.c:309
	src/engine/text/text_renderer.c:311
	src/engine/text/text_renderer.c:364
	src/engine/text/text_renderer.c:398
	src/engine/text/text_renderer.c:426
	src/engine/text/text_renderer.c:427
	src/engine/text/text_renderer.c:428
	src/engine/text/text_geometry.c:29
	src/engine/text/text_geometry.c:48
	src/engine/text/text_geometry.c:49
	src/engine/text/text_geometry.c:134
	src/engine/text/text_geometry.c:141
	src/engine/text/text_geometry.c:151
	src/engine/text/text_geometry.c:165
	src/engine/text/text_geometry.c:175
	src/engine/text/text_geometry.c:176
	src/engine/text/text_geometry.c:177
	src/engine/text/text_geometry.c:192
	src/engine/text/text_geometry.c:244
	src/engine/text/text_geometry.c:246
	src/engine/text/text_engine.c:28
	src/engine/text/text_engine.c:73
	src/engine/text/text_engine.c:74
	src/engine/text/text_engine.c:117
	src/engine/text/text_engine.c:199
	src/engine/text/text_engine.c:225
	src/engine/text/text_engine.c:309
	src/game/freecam.c:7
	src/game/freecam.c:52
	src/game/freecam.c:53
	src/game/voxel/voxel_renderer.h:29
	src/game/voxel/voxel_renderer.c:107
	src/game/voxel/voxel_renderer.c:240
	src/game/voxel/voxel_renderer.c:241
	src/game/voxel/voxel_renderer.c:243
	src/game/voxel/voxel_renderer.c:277
	src/game/voxel/voxel_renderer.c:280
	src/game/voxel/voxel_renderer.c:342
	src/game/voxel/voxel_renderer.c:1147
	src/game/voxel/voxel_renderer.c:1679
	src/game/voxel/voxel_renderer.c:1760
	src/game/teapot/teapot.c:423
	src/game/teapot/teapot.c:505
	src/game/teapot/teapot.c:608
	src/game/softbody/wireframe_renderer.c:51
	src/game/softbody/wireframe_renderer.c:265
	src/game/softbody/wireframe_renderer.c:286
	src/game/softbody/wireframe_renderer.c:341
	src/game/softbody/wireframe_renderer.c:393
	src/game/softbody/wireframe_renderer.c:400
	src/game/softbody/softbody_renderer.h:20
	src/game/softbody/softbody_renderer.h:24
	src/game/softbody/softbody_renderer.h:25
	src/game/softbody/softbody.c:43
	src/game/softbody/softbody.c:91
	src/game/softbody/softbody.c:339
	src/game/softbody/softbody.c:376
	src/game/softbody/softbody.c:405
	src/game/softbody/softbody.c:407
	src/game/softbody/softbody.c:465
	src/game/softbody/phash.c:41
	src/game/softbody/phash.c:55
	src/game/softbody/phash.c:73
	src/game/softbody/phash.c:73
	src/game/softbody/phash.c:95
	src/game/softbody/phash.c:96
	src/game/softbody/phash.c:141
	src/game/softbody/phash.c:141
	src/game/softbody/softbody_renderer.c:779
	src/game/softbody/softbody_renderer.c:824
	src/game/softbody/softbody_renderer.c:841
	src/game/softbody/softbody_renderer.c:842
	src/game/softbody/softbody_renderer.c:844
	src/game/softbody/softbody_renderer.c:877
	src/game/softbody/softbody_renderer.c:879
	src/game/softbody/softbody_renderer.c:933
	src/game/softbody/softbody_renderer.c:1015
autoscan: warning: missing AC_FUNC_MMAP wanted by: 
	lib/glfw/src/wl_window.c:168
	lib/glfw/src/wl_window.c:1842
autoscan: warning: missing AC_PATH_X wanted by: 
	lib/glfw/include/GLFW/glfw3native.h:118
	lib/glfw/src/x11_platform.h:32
autoscan: warning: missing AC_PROG_CPP wanted by: 
	lib/fast_obj/.clusterfuzzlite/build.sh:3
autoscan: warning: missing AC_PROG_INSTALL wanted by: 
	build/Makefile:110
	build/Makefile:121
	build/src/Makefile:110
	build/src/Makefile:121
	build/src/engine/Makefile:110
	build/src/engine/Makefile:121
	build/src/game/Makefile:110
	build/src/game/Makefile:121
	build/lib/glfw/Makefile:110
	build/lib/glfw/Makefile:121
	build/lib/glfw/src/Makefile:110
	build/lib/glfw/src/Makefile:121
	build/lib/fast_obj/Makefile:110
	build/lib/fast_obj/Makefile:121
	build/lib/freetype/Makefile:110
	build/lib/freetype/Makefile:121
	lib/VulkanMemoryAllocator/Makefile:90
	lib/VulkanMemoryAllocator/Makefile:101
	lib/VulkanMemoryAllocator/build/Makefile:90
	lib/VulkanMemoryAllocator/build/Makefile:101
autoscan: warning: missing AC_PROG_MAKE_SET wanted by: 
	build.sh:11
	Makefile.am:4
autoscan: warning: missing AC_TYPE_INT64_T wanted by: 
	lib/glfw/deps/glad/gl.h:1633
	lib/glfw/deps/glad/gl.h:1646
	lib/glfw/deps/glad/gl.h:1698
	lib/glfw/deps/glad/vulkan.h:265
	lib/glfw/deps/glad/gles2.h:622
	lib/glfw/deps/glad/gles2.h:635
	lib/glfw/deps/glad/gles2.h:687
autoscan: warning: missing AC_TYPE_OFF_T wanted by: 
	lib/glfw/src/wl_window.c:97
autoscan: warning: missing AC_TYPE_SSIZE_T wanted by: 
	lib/glfw/src/x11_window.c:117
	lib/glfw/src/x11_window.c:130
	lib/glfw/src/wl_window.c:1519
	lib/glfw/src/wl_window.c:3412
	lib/glfw/src/linux_joystick.c:273
	lib/glfw/src/linux_joystick.c:275
autoscan: warning: missing AC_TYPE_UINT64_T wanted by: 
	lib/glfw/tests/triangle-vulkan.c:134
	lib/glfw/tests/triangle-vulkan.c:233
	lib/glfw/include/GLFW/glfw3.h:6070
	lib/glfw/include/GLFW/glfw3.h:6090
	lib/glfw/src/macos_time.h:33
	lib/glfw/src/input.c:1505
	lib/glfw/src/input.c:1508
	lib/glfw/src/input.c:1514
	lib/glfw/src/wl_window.c:1446
	lib/glfw/src/wl_window.c:1452
	lib/glfw/src/wl_window.c:1470
	lib/glfw/src/nsgl_context.m:64
	lib/glfw/src/nsgl_context.m:65
	lib/glfw/src/win32_time.c:41
	lib/glfw/src/win32_time.c:43
	lib/glfw/src/win32_time.c:48
	lib/glfw/src/macos_time.c:46
	lib/glfw/src/macos_time.c:51
	lib/glfw/src/internal.h:277
	lib/glfw/src/internal.h:799
	lib/glfw/src/internal.h:900
	lib/glfw/src/internal.h:901
	lib/glfw/src/posix_poll.c:43
	lib/glfw/src/posix_time.h:39
	lib/glfw/src/posix_time.c:52
	lib/glfw/src/posix_time.c:56
	lib/glfw/src/posix_time.c:56
	lib/glfw/src/posix_time.c:59
	lib/glfw/src/win32_time.h:41
	lib/glfw/deps/glad/gl.h:1634
	lib/glfw/deps/glad/gl.h:1647
	lib/glfw/deps/glad/gl.h:1699
	lib/glfw/deps/glad/vulkan.h:266
	lib/glfw/deps/glad/vulkan.h:1562
	lib/glfw/deps/glad/vulkan.h:1606
	lib/glfw/deps/glad/vulkan.h:1660
	lib/glfw/deps/glad/vulkan.h:2343
	lib/glfw/deps/glad/vulkan.h:2497
	lib/glfw/deps/glad/vulkan.h:2504
	lib/glfw/deps/glad/vulkan.h:2511
	lib/glfw/deps/glad/vulkan.h:2513
	lib/glfw/deps/glad/vulkan.h:2520
	lib/glfw/deps/glad/vulkan.h:2532
	lib/glfw/deps/glad/vulkan.h:2564
	lib/glfw/deps/glad/vulkan.h:2606
	lib/glfw/deps/glad/vulkan.h:2607
	lib/glfw/deps/glad/vulkan.h:2608
	lib/glfw/deps/glad/vulkan.h:2699
	lib/glfw/deps/glad/vulkan.h:4150
	lib/glfw/deps/glad/vulkan.h:4245
	lib/glfw/deps/glad/vulkan.h:4441
	lib/glfw/deps/glad/vulkan.h:4708
	lib/glfw/deps/glad/vulkan.h:4883
	lib/glfw/deps/glad/vulkan.h:4998
	lib/glfw/deps/glad/vulkan.h:5086
	lib/glfw/deps/glad/vulkan.h:5086
	lib/glfw/deps/glad/vulkan.h:5089
	lib/glfw/deps/glad/vulkan.h:5106
	lib/glfw/deps/glad/vulkan.h:5106
	lib/glfw/deps/glad/vulkan.h:5112
	lib/glfw/deps/glad/vulkan.h:5113
	lib/glfw/deps/glad/gles2.h:623
	lib/glfw/deps/glad/gles2.h:636
	lib/glfw/deps/glad/gles2.h:688
	lib/VulkanMemoryAllocator/include/vk_mem_alloc.h:3367
	lib/VulkanMemoryAllocator/include/vk_mem_alloc.h:3739
	lib/VulkanMemoryAllocator/include/vk_mem_alloc.h:3829
	lib/VulkanMemoryAllocator/include/vk_mem_alloc.h:3844
	lib/VulkanMemoryAllocator/include/vk_mem_alloc.h:3881
	lib/VulkanMemoryAllocator/include/vk_mem_alloc.h:3895
	lib/VulkanMemoryAllocator/include/vk_mem_alloc.h:3943
	lib/VulkanMemoryAllocator/include/vk_mem_alloc.h:3952
	lib/VulkanMemoryAllocator/include/vk_mem_alloc.h:3987
	lib/VulkanMemoryAllocator/include/vk_mem_alloc.h:3987
	lib/VulkanMemoryAllocator/include/vk_mem_alloc.h:4012
	lib/VulkanMemoryAllocator/include/vk_mem_alloc.h:4012
	lib/VulkanMemoryAllocator/include/vk_mem_alloc.h:5944
	lib/VulkanMemoryAllocator/include/vk_mem_alloc.h:5976
	lib/VulkanMemoryAllocator/include/vk_mem_alloc.h:6038
	lib/VulkanMemoryAllocator/include/vk_mem_alloc.h:6047
	lib/VulkanMemoryAllocator/include/vk_mem_alloc.h:6207
	lib/VulkanMemoryAllocator/include/vk_mem_alloc.h:6237
	lib/VulkanMemoryAllocator/include/vk_mem_alloc.h:6981
	lib/VulkanMemoryAllocator/include/vk_mem_alloc.h:7110
	lib/VulkanMemoryAllocator/include/vk_mem_alloc.h:7131
	lib/VulkanMemoryAllocator/include/vk_mem_alloc.h:7134
	lib/VulkanMemoryAllocator/include/vk_mem_alloc.h:10353
	lib/VulkanMemoryAllocator/include/vk_mem_alloc.h:10354
	lib/VulkanMemoryAllocator/include/vk_mem_alloc.h:10355
	lib/VulkanMemoryAllocator/include/vk_mem_alloc.h:11535
	lib/VulkanMemoryAllocator/include/vk_mem_alloc.h:15024
	lib/VulkanMemoryAllocator/include/vk_mem_alloc.h:15634
	lib/VulkanMemoryAllocator/build/install/include/vk_mem_alloc.h:3367
	lib/VulkanMemoryAllocator/build/install/include/vk_mem_alloc.h:3739
	lib/VulkanMemoryAllocator/build/install/include/vk_mem_alloc.h:3829
	lib/VulkanMemoryAllocator/build/install/include/vk_mem_alloc.h:3844
	lib/VulkanMemoryAllocator/build/install/include/vk_mem_alloc.h:3881
	lib/VulkanMemoryAllocator/build/install/include/vk_mem_alloc.h:3895
	lib/VulkanMemoryAllocator/build/install/include/vk_mem_alloc.h:3943
	lib/VulkanMemoryAllocator/build/install/include/vk_mem_alloc.h:3952
	lib/VulkanMemoryAllocator/build/install/include/vk_mem_alloc.h:3987
	lib/VulkanMemoryAllocator/build/install/include/vk_mem_alloc.h:3987
	lib/VulkanMemoryAllocator/build/install/include/vk_mem_alloc.h:4012
	lib/VulkanMemoryAllocator/build/install/include/vk_mem_alloc.h:4012
	lib/VulkanMemoryAllocator/build/install/include/vk_mem_alloc.h:5944
	lib/VulkanMemoryAllocator/build/install/include/vk_mem_alloc.h:5976
	lib/VulkanMemoryAllocator/build/install/include/vk_mem_alloc.h:6038
	lib/VulkanMemoryAllocator/build/install/include/vk_mem_alloc.h:6047
	lib/VulkanMemoryAllocator/build/install/include/vk_mem_alloc.h:6207
	lib/VulkanMemoryAllocator/build/install/include/vk_mem_alloc.h:6237
	lib/VulkanMemoryAllocator/build/install/include/vk_mem_alloc.h:6981
	lib/VulkanMemoryAllocator/build/install/include/vk_mem_alloc.h:7110
	lib/VulkanMemoryAllocator/build/install/include/vk_mem_alloc.h:7131
	lib/VulkanMemoryAllocator/build/install/include/vk_mem_alloc.h:7134
	lib/VulkanMemoryAllocator/build/install/include/vk_mem_alloc.h:10353
	lib/VulkanMemoryAllocator/build/install/include/vk_mem_alloc.h:10354
	lib/VulkanMemoryAllocator/build/install/include/vk_mem_alloc.h:10355
	lib/VulkanMemoryAllocator/build/install/include/vk_mem_alloc.h:11535
	lib/VulkanMemoryAllocator/build/install/include/vk_mem_alloc.h:15024
	lib/VulkanMemoryAllocator/build/install/include/vk_mem_alloc.h:15634
	lib/VulkanMemoryAllocator/src/VulkanSample.cpp:266
	lib/VulkanMemoryAllocator/src/VulkanSample.cpp:289
	lib/VulkanMemoryAllocator/src/VulkanSample.cpp:720
	lib/VulkanMemoryAllocator/src/VulkanSample.cpp:745
	lib/VulkanMemoryAllocator/src/VulkanSample.cpp:830
	lib/VulkanMemoryAllocator/src/VulkanSample.cpp:831
	lib/VulkanMemoryAllocator/src/VulkanSample.cpp:900
	lib/VulkanMemoryAllocator/src/VulkanSample.cpp:1006
	lib/VulkanMemoryAllocator/src/VulkanSample.cpp:1017
	lib/VulkanMemoryAllocator/src/VulkanSample.cpp:1044
	lib/VulkanMemoryAllocator/src/VulkanSample.cpp:1073
	lib/VulkanMemoryAllocator/src/VulkanSample.cpp:1074
	lib/VulkanMemoryAllocator/src/VulkanSample.cpp:1087
	lib/VulkanMemoryAllocator/src/VulkanSample.cpp:1110
	lib/VulkanMemoryAllocator/src/VulkanSample.cpp:1177
	lib/VulkanMemoryAllocator/src/VulkanSample.cpp:1189
	lib/VulkanMemoryAllocator/src/VulkanSample.cpp:1197
	lib/VulkanMemoryAllocator/src/VulkanSample.cpp:1337
	lib/VulkanMemoryAllocator/src/VulkanSample.cpp:1363
	lib/VulkanMemoryAllocator/src/VulkanSample.cpp:1394
	lib/VulkanMemoryAllocator/src/VulkanSample.cpp:1402
	lib/VulkanMemoryAllocator/src/VulkanSample.cpp:2155
	lib/VulkanMemoryAllocator/src/VulkanSample.cpp:2157
	lib/VulkanMemoryAllocator/src/VulkanSample.cpp:2158
	lib/VulkanMemoryAllocator/src/VulkanSample.cpp:2193
	lib/VulkanMemoryAllocator/src/VulkanSample.cpp:2194
	lib/VulkanMemoryAllocator/src/VulkanSample.cpp:2208
	lib/VulkanMemoryAllocator/src/VulkanSample.cpp:2217
	lib/VulkanMemoryAllocator/src/VulkanSample.cpp:2226
	lib/VulkanMemoryAllocator/src/VulkanSample.cpp:2230
	lib/VulkanMemoryAllocator/src/VulkanSample.cpp:2234
	lib/VulkanMemoryAllocator/src/VulkanSample.cpp:2255
	lib/VulkanMemoryAllocator/src/VulkanSample.cpp:2270
	lib/VulkanMemoryAllocator/src/VulkanSample.cpp:2286
	lib/VulkanMemoryAllocator/src/VulkanSample.cpp:2296
	lib/VulkanMemoryAllocator/src/VulkanSample.cpp:2456
	lib/VulkanMemoryAllocator/src/Tests.cpp:46
	lib/VulkanMemoryAllocator/src/Tests.cpp:5746
	lib/VulkanMemoryAllocator/src/Tests.cpp:5761
